26-01-06.11:48:28.036 [main            ] INFO  Application            - Starting Application using Java 17.0.13 with PID 8833 (/Users/pipchief/KnowledgePlanet/ai-rag-knowledge/ai-rag-knowledge/xfg-dev-tech-app/target/classes started by pipchief in /Users/pipchief/KnowledgePlanet/ai-rag-knowledge/ai-rag-knowledge)
26-01-06.11:48:28.037 [main            ] INFO  Application            - The following 1 profile is active: "dev"
26-01-06.11:48:28.415 [main            ] INFO  RepositoryConfigurationDelegate - Multiple Spring Data modules found, entering strict repository configuration mode
26-01-06.11:48:28.416 [main            ] INFO  RepositoryConfigurationDelegate - Bootstrapping Spring Data Redis repositories in DEFAULT mode.
26-01-06.11:48:28.427 [main            ] INFO  RepositoryConfigurationDelegate - Finished Spring Data repository scanning in 4 ms. Found 0 Redis repository interfaces.
26-01-06.11:48:28.687 [main            ] INFO  TomcatWebServer        - Tomcat initialized with port 8090 (http)
26-01-06.11:48:28.694 [main            ] INFO  Http11NioProtocol      - Initializing ProtocolHandler ["http-nio-8090"]
26-01-06.11:48:28.694 [main            ] INFO  StandardService        - Starting service [Tomcat]
26-01-06.11:48:28.694 [main            ] INFO  StandardEngine         - Starting Servlet engine: [Apache Tomcat/10.1.19]
26-01-06.11:48:28.721 [main            ] INFO  [/]                    - Initializing Spring embedded WebApplicationContext
26-01-06.11:48:28.721 [main            ] INFO  ServletWebServerApplicationContext - Root WebApplicationContext: initialization completed in 581 ms
26-01-06.11:48:28.957 [main            ] INFO  HikariDataSource       - HikariCP - Starting...
26-01-06.11:48:32.222 [main            ] ERROR HikariPool             - HikariCP - Exception during pool initialization.
org.postgresql.util.PSQLException: FATAL: password authentication failed for user "postgres"
	at org.postgresql.core.v3.ConnectionFactoryImpl.doAuthentication(ConnectionFactoryImpl.java:693)
	at org.postgresql.core.v3.ConnectionFactoryImpl.tryConnect(ConnectionFactoryImpl.java:203)
	at org.postgresql.core.v3.ConnectionFactoryImpl.openConnectionImpl(ConnectionFactoryImpl.java:258)
	at org.postgresql.core.ConnectionFactory.openConnection(ConnectionFactory.java:54)
	at org.postgresql.jdbc.PgConnection.<init>(PgConnection.java:263)
	at org.postgresql.Driver.makeConnection(Driver.java:443)
	at org.postgresql.Driver.connect(Driver.java:297)
	at com.zaxxer.hikari.util.DriverDataSource.getConnection(DriverDataSource.java:138)
	at com.zaxxer.hikari.pool.PoolBase.newConnection(PoolBase.java:359)
	at com.zaxxer.hikari.pool.PoolBase.newPoolEntry(PoolBase.java:201)
	at com.zaxxer.hikari.pool.HikariPool.createPoolEntry(HikariPool.java:470)
	at com.zaxxer.hikari.pool.HikariPool.checkFailFast(HikariPool.java:561)
	at com.zaxxer.hikari.pool.HikariPool.<init>(HikariPool.java:100)
	at com.zaxxer.hikari.HikariDataSource.getConnection(HikariDataSource.java:112)
	at org.springframework.jdbc.datasource.DataSourceUtils.fetchConnection(DataSourceUtils.java:160)
	at org.springframework.jdbc.datasource.DataSourceUtils.doGetConnection(DataSourceUtils.java:118)
	at org.springframework.jdbc.datasource.DataSourceUtils.getConnection(DataSourceUtils.java:81)
	at org.springframework.jdbc.core.JdbcTemplate.execute(JdbcTemplate.java:388)
	at org.springframework.jdbc.core.JdbcTemplate.execute(JdbcTemplate.java:444)
	at org.springframework.ai.vectorstore.PgVectorStore.afterPropertiesSet(PgVectorStore.java:335)
	at org.springframework.beans.factory.support.AbstractAutowireCapableBeanFactory.invokeInitMethods(AbstractAutowireCapableBeanFactory.java:1833)
	at org.springframework.beans.factory.support.AbstractAutowireCapableBeanFactory.initializeBean(AbstractAutowireCapableBeanFactory.java:1782)
	at org.springframework.beans.factory.support.AbstractAutowireCapableBeanFactory.doCreateBean(AbstractAutowireCapableBeanFactory.java:600)
	at org.springframework.beans.factory.support.AbstractAutowireCapableBeanFactory.createBean(AbstractAutowireCapableBeanFactory.java:522)
	at org.springframework.beans.factory.support.AbstractBeanFactory.lambda$doGetBean$0(AbstractBeanFactory.java:325)
	at org.springframework.beans.factory.support.DefaultSingletonBeanRegistry.getSingleton(DefaultSingletonBeanRegistry.java:234)
	at org.springframework.beans.factory.support.AbstractBeanFactory.doGetBean(AbstractBeanFactory.java:323)
	at org.springframework.beans.factory.support.AbstractBeanFactory.getBean(AbstractBeanFactory.java:204)
	at org.springframework.beans.factory.support.AbstractAutowireCapableBeanFactory.resolveBeanByName(AbstractAutowireCapableBeanFactory.java:461)
	at org.springframework.context.annotation.CommonAnnotationBeanPostProcessor.autowireResource(CommonAnnotationBeanPostProcessor.java:603)
	at org.springframework.context.annotation.CommonAnnotationBeanPostProcessor.getResource(CommonAnnotationBeanPostProcessor.java:574)
	at org.springframework.context.annotation.CommonAnnotationBeanPostProcessor$ResourceElement.getResourceToInject(CommonAnnotationBeanPostProcessor.java:736)
	at org.springframework.beans.factory.annotation.InjectionMetadata$InjectedElement.inject(InjectionMetadata.java:270)
	at org.springframework.beans.factory.annotation.InjectionMetadata.inject(InjectionMetadata.java:145)
	at org.springframework.context.annotation.CommonAnnotationBeanPostProcessor.postProcessProperties(CommonAnnotationBeanPostProcessor.java:366)
	at org.springframework.beans.factory.support.AbstractAutowireCapableBeanFactory.populateBean(AbstractAutowireCapableBeanFactory.java:1419)
	at org.springframework.beans.factory.support.AbstractAutowireCapableBeanFactory.doCreateBean(AbstractAutowireCapableBeanFactory.java:599)
	at org.springframework.beans.factory.support.AbstractAutowireCapableBeanFactory.createBean(AbstractAutowireCapableBeanFactory.java:522)
	at org.springframework.beans.factory.support.AbstractBeanFactory.lambda$doGetBean$0(AbstractBeanFactory.java:325)
	at org.springframework.beans.factory.support.DefaultSingletonBeanRegistry.getSingleton(DefaultSingletonBeanRegistry.java:234)
	at org.springframework.beans.factory.support.AbstractBeanFactory.doGetBean(AbstractBeanFactory.java:323)
	at org.springframework.beans.factory.support.AbstractBeanFactory.getBean(AbstractBeanFactory.java:199)
	at org.springframework.beans.factory.support.DefaultListableBeanFactory.preInstantiateSingletons(DefaultListableBeanFactory.java:975)
	at org.springframework.context.support.AbstractApplicationContext.finishBeanFactoryInitialization(AbstractApplicationContext.java:959)
	at org.springframework.context.support.AbstractApplicationContext.refresh(AbstractApplicationContext.java:624)
	at org.springframework.boot.web.servlet.context.ServletWebServerApplicationContext.refresh(ServletWebServerApplicationContext.java:146)
	at org.springframework.boot.SpringApplication.refresh(SpringApplication.java:754)
	at org.springframework.boot.SpringApplication.refreshContext(SpringApplication.java:456)
	at org.springframework.boot.SpringApplication.run(SpringApplication.java:334)
	at org.springframework.boot.SpringApplication.run(SpringApplication.java:1354)
	at org.springframework.boot.SpringApplication.run(SpringApplication.java:1343)
	at cn.bugstack.xfg.dev.tech.Application.main(Application.java:15)
26-01-06.11:48:32.225 [main            ] WARN  AnnotationConfigServletWebServerApplicationContext - Exception encountered during context initialization - cancelling refresh attempt: org.springframework.beans.factory.BeanCreationException: Error creating bean with name 'RAGController': Injection of resource dependencies failed
26-01-06.11:48:32.227 [main            ] INFO  StandardService        - Stopping service [Tomcat]
26-01-06.11:48:32.235 [main            ] INFO  ConditionEvaluationReportLogger - 

Error starting ApplicationContext. To display the condition evaluation report re-run your application with 'debug' enabled.
26-01-06.11:48:32.245 [main            ] ERROR SpringApplication      - Application run failed
org.springframework.beans.factory.BeanCreationException: Error creating bean with name 'RAGController': Injection of resource dependencies failed
	at org.springframework.context.annotation.CommonAnnotationBeanPostProcessor.postProcessProperties(CommonAnnotationBeanPostProcessor.java:369)
	at org.springframework.beans.factory.support.AbstractAutowireCapableBeanFactory.populateBean(AbstractAutowireCapableBeanFactory.java:1419)
	at org.springframework.beans.factory.support.AbstractAutowireCapableBeanFactory.doCreateBean(AbstractAutowireCapableBeanFactory.java:599)
	at org.springframework.beans.factory.support.AbstractAutowireCapableBeanFactory.createBean(AbstractAutowireCapableBeanFactory.java:522)
	at org.springframework.beans.factory.support.AbstractBeanFactory.lambda$doGetBean$0(AbstractBeanFactory.java:325)
	at org.springframework.beans.factory.support.DefaultSingletonBeanRegistry.getSingleton(DefaultSingletonBeanRegistry.java:234)
	at org.springframework.beans.factory.support.AbstractBeanFactory.doGetBean(AbstractBeanFactory.java:323)
	at org.springframework.beans.factory.support.AbstractBeanFactory.getBean(AbstractBeanFactory.java:199)
	at org.springframework.beans.factory.support.DefaultListableBeanFactory.preInstantiateSingletons(DefaultListableBeanFactory.java:975)
	at org.springframework.context.support.AbstractApplicationContext.finishBeanFactoryInitialization(AbstractApplicationContext.java:959)
	at org.springframework.context.support.AbstractApplicationContext.refresh(AbstractApplicationContext.java:624)
	at org.springframework.boot.web.servlet.context.ServletWebServerApplicationContext.refresh(ServletWebServerApplicationContext.java:146)
	at org.springframework.boot.SpringApplication.refresh(SpringApplication.java:754)
	at org.springframework.boot.SpringApplication.refreshContext(SpringApplication.java:456)
	at org.springframework.boot.SpringApplication.run(SpringApplication.java:334)
	at org.springframework.boot.SpringApplication.run(SpringApplication.java:1354)
	at org.springframework.boot.SpringApplication.run(SpringApplication.java:1343)
	at cn.bugstack.xfg.dev.tech.Application.main(Application.java:15)
Caused by: org.springframework.beans.factory.BeanCreationException: Error creating bean with name 'pgVectorStore' defined in class path resource [cn/bugstack/xfg/dev/tech/config/OllamaConfig.class]: Failed to obtain JDBC Connection
	at org.springframework.beans.factory.support.AbstractAutowireCapableBeanFactory.initializeBean(AbstractAutowireCapableBeanFactory.java:1786)
	at org.springframework.beans.factory.support.AbstractAutowireCapableBeanFactory.doCreateBean(AbstractAutowireCapableBeanFactory.java:600)
	at org.springframework.beans.factory.support.AbstractAutowireCapableBeanFactory.createBean(AbstractAutowireCapableBeanFactory.java:522)
	at org.springframework.beans.factory.support.AbstractBeanFactory.lambda$doGetBean$0(AbstractBeanFactory.java:325)
	at org.springframework.beans.factory.support.DefaultSingletonBeanRegistry.getSingleton(DefaultSingletonBeanRegistry.java:234)
	at org.springframework.beans.factory.support.AbstractBeanFactory.doGetBean(AbstractBeanFactory.java:323)
	at org.springframework.beans.factory.support.AbstractBeanFactory.getBean(AbstractBeanFactory.java:204)
	at org.springframework.beans.factory.support.AbstractAutowireCapableBeanFactory.resolveBeanByName(AbstractAutowireCapableBeanFactory.java:461)
	at org.springframework.context.annotation.CommonAnnotationBeanPostProcessor.autowireResource(CommonAnnotationBeanPostProcessor.java:603)
	at org.springframework.context.annotation.CommonAnnotationBeanPostProcessor.getResource(CommonAnnotationBeanPostProcessor.java:574)
	at org.springframework.context.annotation.CommonAnnotationBeanPostProcessor$ResourceElement.getResourceToInject(CommonAnnotationBeanPostProcessor.java:736)
	at org.springframework.beans.factory.annotation.InjectionMetadata$InjectedElement.inject(InjectionMetadata.java:270)
	at org.springframework.beans.factory.annotation.InjectionMetadata.inject(InjectionMetadata.java:145)
	at org.springframework.context.annotation.CommonAnnotationBeanPostProcessor.postProcessProperties(CommonAnnotationBeanPostProcessor.java:366)
	... 17 common frames omitted
Caused by: org.springframework.jdbc.CannotGetJdbcConnectionException: Failed to obtain JDBC Connection
	at org.springframework.jdbc.datasource.DataSourceUtils.getConnection(DataSourceUtils.java:84)
	at org.springframework.jdbc.core.JdbcTemplate.execute(JdbcTemplate.java:388)
	at org.springframework.jdbc.core.JdbcTemplate.execute(JdbcTemplate.java:444)
	at org.springframework.ai.vectorstore.PgVectorStore.afterPropertiesSet(PgVectorStore.java:335)
	at org.springframework.beans.factory.support.AbstractAutowireCapableBeanFactory.invokeInitMethods(AbstractAutowireCapableBeanFactory.java:1833)
	at org.springframework.beans.factory.support.AbstractAutowireCapableBeanFactory.initializeBean(AbstractAutowireCapableBeanFactory.java:1782)
	... 30 common frames omitted
Caused by: org.postgresql.util.PSQLException: FATAL: password authentication failed for user "postgres"
	at org.postgresql.core.v3.ConnectionFactoryImpl.doAuthentication(ConnectionFactoryImpl.java:693)
	at org.postgresql.core.v3.ConnectionFactoryImpl.tryConnect(ConnectionFactoryImpl.java:203)
	at org.postgresql.core.v3.ConnectionFactoryImpl.openConnectionImpl(ConnectionFactoryImpl.java:258)
	at org.postgresql.core.ConnectionFactory.openConnection(ConnectionFactory.java:54)
	at org.postgresql.jdbc.PgConnection.<init>(PgConnection.java:263)
	at org.postgresql.Driver.makeConnection(Driver.java:443)
	at org.postgresql.Driver.connect(Driver.java:297)
	at com.zaxxer.hikari.util.DriverDataSource.getConnection(DriverDataSource.java:138)
	at com.zaxxer.hikari.pool.PoolBase.newConnection(PoolBase.java:359)
	at com.zaxxer.hikari.pool.PoolBase.newPoolEntry(PoolBase.java:201)
	at com.zaxxer.hikari.pool.HikariPool.createPoolEntry(HikariPool.java:470)
	at com.zaxxer.hikari.pool.HikariPool.checkFailFast(HikariPool.java:561)
	at com.zaxxer.hikari.pool.HikariPool.<init>(HikariPool.java:100)
	at com.zaxxer.hikari.HikariDataSource.getConnection(HikariDataSource.java:112)
	at org.springframework.jdbc.datasource.DataSourceUtils.fetchConnection(DataSourceUtils.java:160)
	at org.springframework.jdbc.datasource.DataSourceUtils.doGetConnection(DataSourceUtils.java:118)
	at org.springframework.jdbc.datasource.DataSourceUtils.getConnection(DataSourceUtils.java:81)
	... 35 common frames omitted
26-01-06.11:49:22.688 [main            ] INFO  Application            - Starting Application using Java 17.0.13 with PID 8894 (/Users/pipchief/KnowledgePlanet/ai-rag-knowledge/ai-rag-knowledge/xfg-dev-tech-app/target/classes started by pipchief in /Users/pipchief/KnowledgePlanet/ai-rag-knowledge/ai-rag-knowledge)
26-01-06.11:49:22.689 [main            ] INFO  Application            - The following 1 profile is active: "dev"
26-01-06.11:49:23.021 [main            ] INFO  RepositoryConfigurationDelegate - Multiple Spring Data modules found, entering strict repository configuration mode
26-01-06.11:49:23.022 [main            ] INFO  RepositoryConfigurationDelegate - Bootstrapping Spring Data Redis repositories in DEFAULT mode.
26-01-06.11:49:23.033 [main            ] INFO  RepositoryConfigurationDelegate - Finished Spring Data repository scanning in 5 ms. Found 0 Redis repository interfaces.
26-01-06.11:49:23.268 [main            ] INFO  TomcatWebServer        - Tomcat initialized with port 8090 (http)
26-01-06.11:49:23.272 [main            ] INFO  Http11NioProtocol      - Initializing ProtocolHandler ["http-nio-8090"]
26-01-06.11:49:23.273 [main            ] INFO  StandardService        - Starting service [Tomcat]
26-01-06.11:49:23.273 [main            ] INFO  StandardEngine         - Starting Servlet engine: [Apache Tomcat/10.1.19]
26-01-06.11:49:23.298 [main            ] INFO  [/]                    - Initializing Spring embedded WebApplicationContext
26-01-06.11:49:23.298 [main            ] INFO  ServletWebServerApplicationContext - Root WebApplicationContext: initialization completed in 522 ms
26-01-06.11:49:23.483 [main            ] INFO  HikariDataSource       - HikariCP - Starting...
26-01-06.11:49:24.994 [main            ] ERROR HikariPool             - HikariCP - Exception during pool initialization.
org.postgresql.util.PSQLException: FATAL: password authentication failed for user "postgres"
	at org.postgresql.core.v3.ConnectionFactoryImpl.doAuthentication(ConnectionFactoryImpl.java:693)
	at org.postgresql.core.v3.ConnectionFactoryImpl.tryConnect(ConnectionFactoryImpl.java:203)
	at org.postgresql.core.v3.ConnectionFactoryImpl.openConnectionImpl(ConnectionFactoryImpl.java:258)
	at org.postgresql.core.ConnectionFactory.openConnection(ConnectionFactory.java:54)
	at org.postgresql.jdbc.PgConnection.<init>(PgConnection.java:263)
	at org.postgresql.Driver.makeConnection(Driver.java:443)
	at org.postgresql.Driver.connect(Driver.java:297)
	at com.zaxxer.hikari.util.DriverDataSource.getConnection(DriverDataSource.java:138)
	at com.zaxxer.hikari.pool.PoolBase.newConnection(PoolBase.java:359)
	at com.zaxxer.hikari.pool.PoolBase.newPoolEntry(PoolBase.java:201)
	at com.zaxxer.hikari.pool.HikariPool.createPoolEntry(HikariPool.java:470)
	at com.zaxxer.hikari.pool.HikariPool.checkFailFast(HikariPool.java:561)
	at com.zaxxer.hikari.pool.HikariPool.<init>(HikariPool.java:100)
	at com.zaxxer.hikari.HikariDataSource.getConnection(HikariDataSource.java:112)
	at org.springframework.jdbc.datasource.DataSourceUtils.fetchConnection(DataSourceUtils.java:160)
	at org.springframework.jdbc.datasource.DataSourceUtils.doGetConnection(DataSourceUtils.java:118)
	at org.springframework.jdbc.datasource.DataSourceUtils.getConnection(DataSourceUtils.java:81)
	at org.springframework.jdbc.core.JdbcTemplate.execute(JdbcTemplate.java:388)
	at org.springframework.jdbc.core.JdbcTemplate.execute(JdbcTemplate.java:444)
	at org.springframework.ai.vectorstore.PgVectorStore.afterPropertiesSet(PgVectorStore.java:335)
	at org.springframework.beans.factory.support.AbstractAutowireCapableBeanFactory.invokeInitMethods(AbstractAutowireCapableBeanFactory.java:1833)
	at org.springframework.beans.factory.support.AbstractAutowireCapableBeanFactory.initializeBean(AbstractAutowireCapableBeanFactory.java:1782)
	at org.springframework.beans.factory.support.AbstractAutowireCapableBeanFactory.doCreateBean(AbstractAutowireCapableBeanFactory.java:600)
	at org.springframework.beans.factory.support.AbstractAutowireCapableBeanFactory.createBean(AbstractAutowireCapableBeanFactory.java:522)
	at org.springframework.beans.factory.support.AbstractBeanFactory.lambda$doGetBean$0(AbstractBeanFactory.java:325)
	at org.springframework.beans.factory.support.DefaultSingletonBeanRegistry.getSingleton(DefaultSingletonBeanRegistry.java:234)
	at org.springframework.beans.factory.support.AbstractBeanFactory.doGetBean(AbstractBeanFactory.java:323)
	at org.springframework.beans.factory.support.AbstractBeanFactory.getBean(AbstractBeanFactory.java:204)
	at org.springframework.beans.factory.support.AbstractAutowireCapableBeanFactory.resolveBeanByName(AbstractAutowireCapableBeanFactory.java:461)
	at org.springframework.context.annotation.CommonAnnotationBeanPostProcessor.autowireResource(CommonAnnotationBeanPostProcessor.java:603)
	at org.springframework.context.annotation.CommonAnnotationBeanPostProcessor.getResource(CommonAnnotationBeanPostProcessor.java:574)
	at org.springframework.context.annotation.CommonAnnotationBeanPostProcessor$ResourceElement.getResourceToInject(CommonAnnotationBeanPostProcessor.java:736)
	at org.springframework.beans.factory.annotation.InjectionMetadata$InjectedElement.inject(InjectionMetadata.java:270)
	at org.springframework.beans.factory.annotation.InjectionMetadata.inject(InjectionMetadata.java:145)
	at org.springframework.context.annotation.CommonAnnotationBeanPostProcessor.postProcessProperties(CommonAnnotationBeanPostProcessor.java:366)
	at org.springframework.beans.factory.support.AbstractAutowireCapableBeanFactory.populateBean(AbstractAutowireCapableBeanFactory.java:1419)
	at org.springframework.beans.factory.support.AbstractAutowireCapableBeanFactory.doCreateBean(AbstractAutowireCapableBeanFactory.java:599)
	at org.springframework.beans.factory.support.AbstractAutowireCapableBeanFactory.createBean(AbstractAutowireCapableBeanFactory.java:522)
	at org.springframework.beans.factory.support.AbstractBeanFactory.lambda$doGetBean$0(AbstractBeanFactory.java:325)
	at org.springframework.beans.factory.support.DefaultSingletonBeanRegistry.getSingleton(DefaultSingletonBeanRegistry.java:234)
	at org.springframework.beans.factory.support.AbstractBeanFactory.doGetBean(AbstractBeanFactory.java:323)
	at org.springframework.beans.factory.support.AbstractBeanFactory.getBean(AbstractBeanFactory.java:199)
	at org.springframework.beans.factory.support.DefaultListableBeanFactory.preInstantiateSingletons(DefaultListableBeanFactory.java:975)
	at org.springframework.context.support.AbstractApplicationContext.finishBeanFactoryInitialization(AbstractApplicationContext.java:959)
	at org.springframework.context.support.AbstractApplicationContext.refresh(AbstractApplicationContext.java:624)
	at org.springframework.boot.web.servlet.context.ServletWebServerApplicationContext.refresh(ServletWebServerApplicationContext.java:146)
	at org.springframework.boot.SpringApplication.refresh(SpringApplication.java:754)
	at org.springframework.boot.SpringApplication.refreshContext(SpringApplication.java:456)
	at org.springframework.boot.SpringApplication.run(SpringApplication.java:334)
	at org.springframework.boot.SpringApplication.run(SpringApplication.java:1354)
	at org.springframework.boot.SpringApplication.run(SpringApplication.java:1343)
	at cn.bugstack.xfg.dev.tech.Application.main(Application.java:15)
26-01-06.11:49:25.000 [main            ] WARN  AnnotationConfigServletWebServerApplicationContext - Exception encountered during context initialization - cancelling refresh attempt: org.springframework.beans.factory.BeanCreationException: Error creating bean with name 'RAGController': Injection of resource dependencies failed
26-01-06.11:49:25.004 [main            ] INFO  StandardService        - Stopping service [Tomcat]
26-01-06.11:49:25.019 [main            ] INFO  ConditionEvaluationReportLogger - 

Error starting ApplicationContext. To display the condition evaluation report re-run your application with 'debug' enabled.
26-01-06.11:49:25.031 [main            ] ERROR SpringApplication      - Application run failed
org.springframework.beans.factory.BeanCreationException: Error creating bean with name 'RAGController': Injection of resource dependencies failed
	at org.springframework.context.annotation.CommonAnnotationBeanPostProcessor.postProcessProperties(CommonAnnotationBeanPostProcessor.java:369)
	at org.springframework.beans.factory.support.AbstractAutowireCapableBeanFactory.populateBean(AbstractAutowireCapableBeanFactory.java:1419)
	at org.springframework.beans.factory.support.AbstractAutowireCapableBeanFactory.doCreateBean(AbstractAutowireCapableBeanFactory.java:599)
	at org.springframework.beans.factory.support.AbstractAutowireCapableBeanFactory.createBean(AbstractAutowireCapableBeanFactory.java:522)
	at org.springframework.beans.factory.support.AbstractBeanFactory.lambda$doGetBean$0(AbstractBeanFactory.java:325)
	at org.springframework.beans.factory.support.DefaultSingletonBeanRegistry.getSingleton(DefaultSingletonBeanRegistry.java:234)
	at org.springframework.beans.factory.support.AbstractBeanFactory.doGetBean(AbstractBeanFactory.java:323)
	at org.springframework.beans.factory.support.AbstractBeanFactory.getBean(AbstractBeanFactory.java:199)
	at org.springframework.beans.factory.support.DefaultListableBeanFactory.preInstantiateSingletons(DefaultListableBeanFactory.java:975)
	at org.springframework.context.support.AbstractApplicationContext.finishBeanFactoryInitialization(AbstractApplicationContext.java:959)
	at org.springframework.context.support.AbstractApplicationContext.refresh(AbstractApplicationContext.java:624)
	at org.springframework.boot.web.servlet.context.ServletWebServerApplicationContext.refresh(ServletWebServerApplicationContext.java:146)
	at org.springframework.boot.SpringApplication.refresh(SpringApplication.java:754)
	at org.springframework.boot.SpringApplication.refreshContext(SpringApplication.java:456)
	at org.springframework.boot.SpringApplication.run(SpringApplication.java:334)
	at org.springframework.boot.SpringApplication.run(SpringApplication.java:1354)
	at org.springframework.boot.SpringApplication.run(SpringApplication.java:1343)
	at cn.bugstack.xfg.dev.tech.Application.main(Application.java:15)
Caused by: org.springframework.beans.factory.BeanCreationException: Error creating bean with name 'pgVectorStore' defined in class path resource [cn/bugstack/xfg/dev/tech/config/OllamaConfig.class]: Failed to obtain JDBC Connection
	at org.springframework.beans.factory.support.AbstractAutowireCapableBeanFactory.initializeBean(AbstractAutowireCapableBeanFactory.java:1786)
	at org.springframework.beans.factory.support.AbstractAutowireCapableBeanFactory.doCreateBean(AbstractAutowireCapableBeanFactory.java:600)
	at org.springframework.beans.factory.support.AbstractAutowireCapableBeanFactory.createBean(AbstractAutowireCapableBeanFactory.java:522)
	at org.springframework.beans.factory.support.AbstractBeanFactory.lambda$doGetBean$0(AbstractBeanFactory.java:325)
	at org.springframework.beans.factory.support.DefaultSingletonBeanRegistry.getSingleton(DefaultSingletonBeanRegistry.java:234)
	at org.springframework.beans.factory.support.AbstractBeanFactory.doGetBean(AbstractBeanFactory.java:323)
	at org.springframework.beans.factory.support.AbstractBeanFactory.getBean(AbstractBeanFactory.java:204)
	at org.springframework.beans.factory.support.AbstractAutowireCapableBeanFactory.resolveBeanByName(AbstractAutowireCapableBeanFactory.java:461)
	at org.springframework.context.annotation.CommonAnnotationBeanPostProcessor.autowireResource(CommonAnnotationBeanPostProcessor.java:603)
	at org.springframework.context.annotation.CommonAnnotationBeanPostProcessor.getResource(CommonAnnotationBeanPostProcessor.java:574)
	at org.springframework.context.annotation.CommonAnnotationBeanPostProcessor$ResourceElement.getResourceToInject(CommonAnnotationBeanPostProcessor.java:736)
	at org.springframework.beans.factory.annotation.InjectionMetadata$InjectedElement.inject(InjectionMetadata.java:270)
	at org.springframework.beans.factory.annotation.InjectionMetadata.inject(InjectionMetadata.java:145)
	at org.springframework.context.annotation.CommonAnnotationBeanPostProcessor.postProcessProperties(CommonAnnotationBeanPostProcessor.java:366)
	... 17 common frames omitted
Caused by: org.springframework.jdbc.CannotGetJdbcConnectionException: Failed to obtain JDBC Connection
	at org.springframework.jdbc.datasource.DataSourceUtils.getConnection(DataSourceUtils.java:84)
	at org.springframework.jdbc.core.JdbcTemplate.execute(JdbcTemplate.java:388)
	at org.springframework.jdbc.core.JdbcTemplate.execute(JdbcTemplate.java:444)
	at org.springframework.ai.vectorstore.PgVectorStore.afterPropertiesSet(PgVectorStore.java:335)
	at org.springframework.beans.factory.support.AbstractAutowireCapableBeanFactory.invokeInitMethods(AbstractAutowireCapableBeanFactory.java:1833)
	at org.springframework.beans.factory.support.AbstractAutowireCapableBeanFactory.initializeBean(AbstractAutowireCapableBeanFactory.java:1782)
	... 30 common frames omitted
Caused by: org.postgresql.util.PSQLException: FATAL: password authentication failed for user "postgres"
	at org.postgresql.core.v3.ConnectionFactoryImpl.doAuthentication(ConnectionFactoryImpl.java:693)
	at org.postgresql.core.v3.ConnectionFactoryImpl.tryConnect(ConnectionFactoryImpl.java:203)
	at org.postgresql.core.v3.ConnectionFactoryImpl.openConnectionImpl(ConnectionFactoryImpl.java:258)
	at org.postgresql.core.ConnectionFactory.openConnection(ConnectionFactory.java:54)
	at org.postgresql.jdbc.PgConnection.<init>(PgConnection.java:263)
	at org.postgresql.Driver.makeConnection(Driver.java:443)
	at org.postgresql.Driver.connect(Driver.java:297)
	at com.zaxxer.hikari.util.DriverDataSource.getConnection(DriverDataSource.java:138)
	at com.zaxxer.hikari.pool.PoolBase.newConnection(PoolBase.java:359)
	at com.zaxxer.hikari.pool.PoolBase.newPoolEntry(PoolBase.java:201)
	at com.zaxxer.hikari.pool.HikariPool.createPoolEntry(HikariPool.java:470)
	at com.zaxxer.hikari.pool.HikariPool.checkFailFast(HikariPool.java:561)
	at com.zaxxer.hikari.pool.HikariPool.<init>(HikariPool.java:100)
	at com.zaxxer.hikari.HikariDataSource.getConnection(HikariDataSource.java:112)
	at org.springframework.jdbc.datasource.DataSourceUtils.fetchConnection(DataSourceUtils.java:160)
	at org.springframework.jdbc.datasource.DataSourceUtils.doGetConnection(DataSourceUtils.java:118)
	at org.springframework.jdbc.datasource.DataSourceUtils.getConnection(DataSourceUtils.java:81)
	... 35 common frames omitted
26-01-06.11:51:59.525 [main            ] INFO  Application            - Starting Application using Java 17.0.13 with PID 9715 (/Users/pipchief/KnowledgePlanet/ai-rag-knowledge/ai-rag-knowledge/xfg-dev-tech-app/target/classes started by pipchief in /Users/pipchief/KnowledgePlanet/ai-rag-knowledge/ai-rag-knowledge)
26-01-06.11:51:59.526 [main            ] INFO  Application            - The following 1 profile is active: "dev"
26-01-06.11:51:59.891 [main            ] INFO  RepositoryConfigurationDelegate - Multiple Spring Data modules found, entering strict repository configuration mode
26-01-06.11:51:59.892 [main            ] INFO  RepositoryConfigurationDelegate - Bootstrapping Spring Data Redis repositories in DEFAULT mode.
26-01-06.11:51:59.906 [main            ] INFO  RepositoryConfigurationDelegate - Finished Spring Data repository scanning in 6 ms. Found 0 Redis repository interfaces.
26-01-06.11:52:00.170 [main            ] INFO  TomcatWebServer        - Tomcat initialized with port 8090 (http)
26-01-06.11:52:00.174 [main            ] INFO  Http11NioProtocol      - Initializing ProtocolHandler ["http-nio-8090"]
26-01-06.11:52:00.174 [main            ] INFO  StandardService        - Starting service [Tomcat]
26-01-06.11:52:00.174 [main            ] INFO  StandardEngine         - Starting Servlet engine: [Apache Tomcat/10.1.19]
26-01-06.11:52:00.202 [main            ] INFO  [/]                    - Initializing Spring embedded WebApplicationContext
26-01-06.11:52:00.203 [main            ] INFO  ServletWebServerApplicationContext - Root WebApplicationContext: initialization completed in 580 ms
26-01-06.11:52:00.451 [main            ] INFO  HikariDataSource       - HikariCP - Starting...
26-01-06.11:52:01.887 [main            ] ERROR HikariPool             - HikariCP - Exception during pool initialization.
org.postgresql.util.PSQLException: FATAL: password authentication failed for user "postgres"
	at org.postgresql.core.v3.ConnectionFactoryImpl.doAuthentication(ConnectionFactoryImpl.java:693)
	at org.postgresql.core.v3.ConnectionFactoryImpl.tryConnect(ConnectionFactoryImpl.java:203)
	at org.postgresql.core.v3.ConnectionFactoryImpl.openConnectionImpl(ConnectionFactoryImpl.java:258)
	at org.postgresql.core.ConnectionFactory.openConnection(ConnectionFactory.java:54)
	at org.postgresql.jdbc.PgConnection.<init>(PgConnection.java:263)
	at org.postgresql.Driver.makeConnection(Driver.java:443)
	at org.postgresql.Driver.connect(Driver.java:297)
	at com.zaxxer.hikari.util.DriverDataSource.getConnection(DriverDataSource.java:138)
	at com.zaxxer.hikari.pool.PoolBase.newConnection(PoolBase.java:359)
	at com.zaxxer.hikari.pool.PoolBase.newPoolEntry(PoolBase.java:201)
	at com.zaxxer.hikari.pool.HikariPool.createPoolEntry(HikariPool.java:470)
	at com.zaxxer.hikari.pool.HikariPool.checkFailFast(HikariPool.java:561)
	at com.zaxxer.hikari.pool.HikariPool.<init>(HikariPool.java:100)
	at com.zaxxer.hikari.HikariDataSource.getConnection(HikariDataSource.java:112)
	at org.springframework.jdbc.datasource.DataSourceUtils.fetchConnection(DataSourceUtils.java:160)
	at org.springframework.jdbc.datasource.DataSourceUtils.doGetConnection(DataSourceUtils.java:118)
	at org.springframework.jdbc.datasource.DataSourceUtils.getConnection(DataSourceUtils.java:81)
	at org.springframework.jdbc.core.JdbcTemplate.execute(JdbcTemplate.java:388)
	at org.springframework.jdbc.core.JdbcTemplate.execute(JdbcTemplate.java:444)
	at org.springframework.ai.vectorstore.PgVectorStore.afterPropertiesSet(PgVectorStore.java:335)
	at org.springframework.beans.factory.support.AbstractAutowireCapableBeanFactory.invokeInitMethods(AbstractAutowireCapableBeanFactory.java:1833)
	at org.springframework.beans.factory.support.AbstractAutowireCapableBeanFactory.initializeBean(AbstractAutowireCapableBeanFactory.java:1782)
	at org.springframework.beans.factory.support.AbstractAutowireCapableBeanFactory.doCreateBean(AbstractAutowireCapableBeanFactory.java:600)
	at org.springframework.beans.factory.support.AbstractAutowireCapableBeanFactory.createBean(AbstractAutowireCapableBeanFactory.java:522)
	at org.springframework.beans.factory.support.AbstractBeanFactory.lambda$doGetBean$0(AbstractBeanFactory.java:325)
	at org.springframework.beans.factory.support.DefaultSingletonBeanRegistry.getSingleton(DefaultSingletonBeanRegistry.java:234)
	at org.springframework.beans.factory.support.AbstractBeanFactory.doGetBean(AbstractBeanFactory.java:323)
	at org.springframework.beans.factory.support.AbstractBeanFactory.getBean(AbstractBeanFactory.java:204)
	at org.springframework.beans.factory.support.AbstractAutowireCapableBeanFactory.resolveBeanByName(AbstractAutowireCapableBeanFactory.java:461)
	at org.springframework.context.annotation.CommonAnnotationBeanPostProcessor.autowireResource(CommonAnnotationBeanPostProcessor.java:603)
	at org.springframework.context.annotation.CommonAnnotationBeanPostProcessor.getResource(CommonAnnotationBeanPostProcessor.java:574)
	at org.springframework.context.annotation.CommonAnnotationBeanPostProcessor$ResourceElement.getResourceToInject(CommonAnnotationBeanPostProcessor.java:736)
	at org.springframework.beans.factory.annotation.InjectionMetadata$InjectedElement.inject(InjectionMetadata.java:270)
	at org.springframework.beans.factory.annotation.InjectionMetadata.inject(InjectionMetadata.java:145)
	at org.springframework.context.annotation.CommonAnnotationBeanPostProcessor.postProcessProperties(CommonAnnotationBeanPostProcessor.java:366)
	at org.springframework.beans.factory.support.AbstractAutowireCapableBeanFactory.populateBean(AbstractAutowireCapableBeanFactory.java:1419)
	at org.springframework.beans.factory.support.AbstractAutowireCapableBeanFactory.doCreateBean(AbstractAutowireCapableBeanFactory.java:599)
	at org.springframework.beans.factory.support.AbstractAutowireCapableBeanFactory.createBean(AbstractAutowireCapableBeanFactory.java:522)
	at org.springframework.beans.factory.support.AbstractBeanFactory.lambda$doGetBean$0(AbstractBeanFactory.java:325)
	at org.springframework.beans.factory.support.DefaultSingletonBeanRegistry.getSingleton(DefaultSingletonBeanRegistry.java:234)
	at org.springframework.beans.factory.support.AbstractBeanFactory.doGetBean(AbstractBeanFactory.java:323)
	at org.springframework.beans.factory.support.AbstractBeanFactory.getBean(AbstractBeanFactory.java:199)
	at org.springframework.beans.factory.support.DefaultListableBeanFactory.preInstantiateSingletons(DefaultListableBeanFactory.java:975)
	at org.springframework.context.support.AbstractApplicationContext.finishBeanFactoryInitialization(AbstractApplicationContext.java:959)
	at org.springframework.context.support.AbstractApplicationContext.refresh(AbstractApplicationContext.java:624)
	at org.springframework.boot.web.servlet.context.ServletWebServerApplicationContext.refresh(ServletWebServerApplicationContext.java:146)
	at org.springframework.boot.SpringApplication.refresh(SpringApplication.java:754)
	at org.springframework.boot.SpringApplication.refreshContext(SpringApplication.java:456)
	at org.springframework.boot.SpringApplication.run(SpringApplication.java:334)
	at org.springframework.boot.SpringApplication.run(SpringApplication.java:1354)
	at org.springframework.boot.SpringApplication.run(SpringApplication.java:1343)
	at cn.bugstack.xfg.dev.tech.Application.main(Application.java:15)
26-01-06.11:52:01.891 [main            ] WARN  AnnotationConfigServletWebServerApplicationContext - Exception encountered during context initialization - cancelling refresh attempt: org.springframework.beans.factory.BeanCreationException: Error creating bean with name 'RAGController': Injection of resource dependencies failed
26-01-06.11:52:01.893 [main            ] INFO  StandardService        - Stopping service [Tomcat]
26-01-06.11:52:01.901 [main            ] INFO  ConditionEvaluationReportLogger - 

Error starting ApplicationContext. To display the condition evaluation report re-run your application with 'debug' enabled.
26-01-06.11:52:01.909 [main            ] ERROR SpringApplication      - Application run failed
org.springframework.beans.factory.BeanCreationException: Error creating bean with name 'RAGController': Injection of resource dependencies failed
	at org.springframework.context.annotation.CommonAnnotationBeanPostProcessor.postProcessProperties(CommonAnnotationBeanPostProcessor.java:369)
	at org.springframework.beans.factory.support.AbstractAutowireCapableBeanFactory.populateBean(AbstractAutowireCapableBeanFactory.java:1419)
	at org.springframework.beans.factory.support.AbstractAutowireCapableBeanFactory.doCreateBean(AbstractAutowireCapableBeanFactory.java:599)
	at org.springframework.beans.factory.support.AbstractAutowireCapableBeanFactory.createBean(AbstractAutowireCapableBeanFactory.java:522)
	at org.springframework.beans.factory.support.AbstractBeanFactory.lambda$doGetBean$0(AbstractBeanFactory.java:325)
	at org.springframework.beans.factory.support.DefaultSingletonBeanRegistry.getSingleton(DefaultSingletonBeanRegistry.java:234)
	at org.springframework.beans.factory.support.AbstractBeanFactory.doGetBean(AbstractBeanFactory.java:323)
	at org.springframework.beans.factory.support.AbstractBeanFactory.getBean(AbstractBeanFactory.java:199)
	at org.springframework.beans.factory.support.DefaultListableBeanFactory.preInstantiateSingletons(DefaultListableBeanFactory.java:975)
	at org.springframework.context.support.AbstractApplicationContext.finishBeanFactoryInitialization(AbstractApplicationContext.java:959)
	at org.springframework.context.support.AbstractApplicationContext.refresh(AbstractApplicationContext.java:624)
	at org.springframework.boot.web.servlet.context.ServletWebServerApplicationContext.refresh(ServletWebServerApplicationContext.java:146)
	at org.springframework.boot.SpringApplication.refresh(SpringApplication.java:754)
	at org.springframework.boot.SpringApplication.refreshContext(SpringApplication.java:456)
	at org.springframework.boot.SpringApplication.run(SpringApplication.java:334)
	at org.springframework.boot.SpringApplication.run(SpringApplication.java:1354)
	at org.springframework.boot.SpringApplication.run(SpringApplication.java:1343)
	at cn.bugstack.xfg.dev.tech.Application.main(Application.java:15)
Caused by: org.springframework.beans.factory.BeanCreationException: Error creating bean with name 'pgVectorStore' defined in class path resource [cn/bugstack/xfg/dev/tech/config/OllamaConfig.class]: Failed to obtain JDBC Connection
	at org.springframework.beans.factory.support.AbstractAutowireCapableBeanFactory.initializeBean(AbstractAutowireCapableBeanFactory.java:1786)
	at org.springframework.beans.factory.support.AbstractAutowireCapableBeanFactory.doCreateBean(AbstractAutowireCapableBeanFactory.java:600)
	at org.springframework.beans.factory.support.AbstractAutowireCapableBeanFactory.createBean(AbstractAutowireCapableBeanFactory.java:522)
	at org.springframework.beans.factory.support.AbstractBeanFactory.lambda$doGetBean$0(AbstractBeanFactory.java:325)
	at org.springframework.beans.factory.support.DefaultSingletonBeanRegistry.getSingleton(DefaultSingletonBeanRegistry.java:234)
	at org.springframework.beans.factory.support.AbstractBeanFactory.doGetBean(AbstractBeanFactory.java:323)
	at org.springframework.beans.factory.support.AbstractBeanFactory.getBean(AbstractBeanFactory.java:204)
	at org.springframework.beans.factory.support.AbstractAutowireCapableBeanFactory.resolveBeanByName(AbstractAutowireCapableBeanFactory.java:461)
	at org.springframework.context.annotation.CommonAnnotationBeanPostProcessor.autowireResource(CommonAnnotationBeanPostProcessor.java:603)
	at org.springframework.context.annotation.CommonAnnotationBeanPostProcessor.getResource(CommonAnnotationBeanPostProcessor.java:574)
	at org.springframework.context.annotation.CommonAnnotationBeanPostProcessor$ResourceElement.getResourceToInject(CommonAnnotationBeanPostProcessor.java:736)
	at org.springframework.beans.factory.annotation.InjectionMetadata$InjectedElement.inject(InjectionMetadata.java:270)
	at org.springframework.beans.factory.annotation.InjectionMetadata.inject(InjectionMetadata.java:145)
	at org.springframework.context.annotation.CommonAnnotationBeanPostProcessor.postProcessProperties(CommonAnnotationBeanPostProcessor.java:366)
	... 17 common frames omitted
Caused by: org.springframework.jdbc.CannotGetJdbcConnectionException: Failed to obtain JDBC Connection
	at org.springframework.jdbc.datasource.DataSourceUtils.getConnection(DataSourceUtils.java:84)
	at org.springframework.jdbc.core.JdbcTemplate.execute(JdbcTemplate.java:388)
	at org.springframework.jdbc.core.JdbcTemplate.execute(JdbcTemplate.java:444)
	at org.springframework.ai.vectorstore.PgVectorStore.afterPropertiesSet(PgVectorStore.java:335)
	at org.springframework.beans.factory.support.AbstractAutowireCapableBeanFactory.invokeInitMethods(AbstractAutowireCapableBeanFactory.java:1833)
	at org.springframework.beans.factory.support.AbstractAutowireCapableBeanFactory.initializeBean(AbstractAutowireCapableBeanFactory.java:1782)
	... 30 common frames omitted
Caused by: org.postgresql.util.PSQLException: FATAL: password authentication failed for user "postgres"
	at org.postgresql.core.v3.ConnectionFactoryImpl.doAuthentication(ConnectionFactoryImpl.java:693)
	at org.postgresql.core.v3.ConnectionFactoryImpl.tryConnect(ConnectionFactoryImpl.java:203)
	at org.postgresql.core.v3.ConnectionFactoryImpl.openConnectionImpl(ConnectionFactoryImpl.java:258)
	at org.postgresql.core.ConnectionFactory.openConnection(ConnectionFactory.java:54)
	at org.postgresql.jdbc.PgConnection.<init>(PgConnection.java:263)
	at org.postgresql.Driver.makeConnection(Driver.java:443)
	at org.postgresql.Driver.connect(Driver.java:297)
	at com.zaxxer.hikari.util.DriverDataSource.getConnection(DriverDataSource.java:138)
	at com.zaxxer.hikari.pool.PoolBase.newConnection(PoolBase.java:359)
	at com.zaxxer.hikari.pool.PoolBase.newPoolEntry(PoolBase.java:201)
	at com.zaxxer.hikari.pool.HikariPool.createPoolEntry(HikariPool.java:470)
	at com.zaxxer.hikari.pool.HikariPool.checkFailFast(HikariPool.java:561)
	at com.zaxxer.hikari.pool.HikariPool.<init>(HikariPool.java:100)
	at com.zaxxer.hikari.HikariDataSource.getConnection(HikariDataSource.java:112)
	at org.springframework.jdbc.datasource.DataSourceUtils.fetchConnection(DataSourceUtils.java:160)
	at org.springframework.jdbc.datasource.DataSourceUtils.doGetConnection(DataSourceUtils.java:118)
	at org.springframework.jdbc.datasource.DataSourceUtils.getConnection(DataSourceUtils.java:81)
	... 35 common frames omitted
26-01-06.12:03:25.179 [main            ] INFO  Application            - Starting Application using Java 17.0.13 with PID 10460 (/Users/pipchief/KnowledgePlanet/ai-rag-knowledge/ai-rag-knowledge/xfg-dev-tech-app/target/classes started by pipchief in /Users/pipchief/KnowledgePlanet/ai-rag-knowledge/ai-rag-knowledge)
26-01-06.12:03:25.180 [main            ] INFO  Application            - The following 1 profile is active: "dev"
26-01-06.12:03:25.515 [main            ] INFO  RepositoryConfigurationDelegate - Multiple Spring Data modules found, entering strict repository configuration mode
26-01-06.12:03:25.516 [main            ] INFO  RepositoryConfigurationDelegate - Bootstrapping Spring Data Redis repositories in DEFAULT mode.
26-01-06.12:03:25.526 [main            ] INFO  RepositoryConfigurationDelegate - Finished Spring Data repository scanning in 4 ms. Found 0 Redis repository interfaces.
26-01-06.12:03:25.767 [main            ] INFO  TomcatWebServer        - Tomcat initialized with port 8090 (http)
26-01-06.12:03:25.771 [main            ] INFO  Http11NioProtocol      - Initializing ProtocolHandler ["http-nio-8090"]
26-01-06.12:03:25.771 [main            ] INFO  StandardService        - Starting service [Tomcat]
26-01-06.12:03:25.771 [main            ] INFO  StandardEngine         - Starting Servlet engine: [Apache Tomcat/10.1.19]
26-01-06.12:03:25.800 [main            ] INFO  [/]                    - Initializing Spring embedded WebApplicationContext
26-01-06.12:03:25.800 [main            ] INFO  ServletWebServerApplicationContext - Root WebApplicationContext: initialization completed in 524 ms
26-01-06.12:03:25.996 [main            ] INFO  HikariDataSource       - HikariCP - Starting...
26-01-06.12:03:26.903 [main            ] INFO  HikariPool             - HikariCP - Added connection org.postgresql.jdbc.PgConnection@2b1a61e8
26-01-06.12:03:26.906 [main            ] INFO  HikariDataSource       - HikariCP - Start completed.
26-01-06.12:03:27.782 [main            ] WARN  OllamaApi              - [500] Internal Server Error - {"error":"model requires more system memory (352.9 MiB) than is available (191.5 MiB)"}
26-01-06.12:03:27.782 [main            ] WARN  PgVectorStore          - Failed to obtain the embedding dimensions from the embedding client and fall backs to default:1536
java.lang.RuntimeException: [500] Internal Server Error - {"error":"model requires more system memory (352.9 MiB) than is available (191.5 MiB)"}
	at org.springframework.ai.ollama.api.OllamaApi$OllamaResponseErrorHandler.handleError(OllamaApi.java:78)
	at org.springframework.web.client.ResponseErrorHandler.handleError(ResponseErrorHandler.java:63)
	at org.springframework.web.client.StatusHandler.lambda$fromErrorHandler$1(StatusHandler.java:71)
	at org.springframework.web.client.StatusHandler.handle(StatusHandler.java:146)
	at org.springframework.web.client.DefaultRestClient$DefaultResponseSpec.applyStatusHandlers(DefaultRestClient.java:680)
	at org.springframework.web.client.DefaultRestClient.readWithMessageConverters(DefaultRestClient.java:200)
	at org.springframework.web.client.DefaultRestClient$DefaultResponseSpec.readBody(DefaultRestClient.java:667)
	at org.springframework.web.client.DefaultRestClient$DefaultResponseSpec.body(DefaultRestClient.java:613)
	at org.springframework.ai.ollama.api.OllamaApi.embeddings(OllamaApi.java:595)
	at org.springframework.ai.ollama.OllamaEmbeddingClient.call(OllamaEmbeddingClient.java:101)
	at org.springframework.ai.embedding.EmbeddingClient.embed(EmbeddingClient.java:56)
	at org.springframework.ai.embedding.EmbeddingClient.embed(EmbeddingClient.java:39)
	at org.springframework.ai.embedding.AbstractEmbeddingClient.dimensions(AbstractEmbeddingClient.java:56)
	at org.springframework.ai.embedding.AbstractEmbeddingClient.dimensions(AbstractEmbeddingClient.java:78)
	at org.springframework.ai.vectorstore.PgVectorStore.embeddingDimensions(PgVectorStore.java:367)
	at org.springframework.ai.vectorstore.PgVectorStore.afterPropertiesSet(PgVectorStore.java:351)
	at org.springframework.beans.factory.support.AbstractAutowireCapableBeanFactory.invokeInitMethods(AbstractAutowireCapableBeanFactory.java:1833)
	at org.springframework.beans.factory.support.AbstractAutowireCapableBeanFactory.initializeBean(AbstractAutowireCapableBeanFactory.java:1782)
	at org.springframework.beans.factory.support.AbstractAutowireCapableBeanFactory.doCreateBean(AbstractAutowireCapableBeanFactory.java:600)
	at org.springframework.beans.factory.support.AbstractAutowireCapableBeanFactory.createBean(AbstractAutowireCapableBeanFactory.java:522)
	at org.springframework.beans.factory.support.AbstractBeanFactory.lambda$doGetBean$0(AbstractBeanFactory.java:325)
	at org.springframework.beans.factory.support.DefaultSingletonBeanRegistry.getSingleton(DefaultSingletonBeanRegistry.java:234)
	at org.springframework.beans.factory.support.AbstractBeanFactory.doGetBean(AbstractBeanFactory.java:323)
	at org.springframework.beans.factory.support.AbstractBeanFactory.getBean(AbstractBeanFactory.java:204)
	at org.springframework.beans.factory.support.AbstractAutowireCapableBeanFactory.resolveBeanByName(AbstractAutowireCapableBeanFactory.java:461)
	at org.springframework.context.annotation.CommonAnnotationBeanPostProcessor.autowireResource(CommonAnnotationBeanPostProcessor.java:603)
	at org.springframework.context.annotation.CommonAnnotationBeanPostProcessor.getResource(CommonAnnotationBeanPostProcessor.java:574)
	at org.springframework.context.annotation.CommonAnnotationBeanPostProcessor$ResourceElement.getResourceToInject(CommonAnnotationBeanPostProcessor.java:736)
	at org.springframework.beans.factory.annotation.InjectionMetadata$InjectedElement.inject(InjectionMetadata.java:270)
	at org.springframework.beans.factory.annotation.InjectionMetadata.inject(InjectionMetadata.java:145)
	at org.springframework.context.annotation.CommonAnnotationBeanPostProcessor.postProcessProperties(CommonAnnotationBeanPostProcessor.java:366)
	at org.springframework.beans.factory.support.AbstractAutowireCapableBeanFactory.populateBean(AbstractAutowireCapableBeanFactory.java:1419)
	at org.springframework.beans.factory.support.AbstractAutowireCapableBeanFactory.doCreateBean(AbstractAutowireCapableBeanFactory.java:599)
	at org.springframework.beans.factory.support.AbstractAutowireCapableBeanFactory.createBean(AbstractAutowireCapableBeanFactory.java:522)
	at org.springframework.beans.factory.support.AbstractBeanFactory.lambda$doGetBean$0(AbstractBeanFactory.java:325)
	at org.springframework.beans.factory.support.DefaultSingletonBeanRegistry.getSingleton(DefaultSingletonBeanRegistry.java:234)
	at org.springframework.beans.factory.support.AbstractBeanFactory.doGetBean(AbstractBeanFactory.java:323)
	at org.springframework.beans.factory.support.AbstractBeanFactory.getBean(AbstractBeanFactory.java:199)
	at org.springframework.beans.factory.support.DefaultListableBeanFactory.preInstantiateSingletons(DefaultListableBeanFactory.java:975)
	at org.springframework.context.support.AbstractApplicationContext.finishBeanFactoryInitialization(AbstractApplicationContext.java:959)
	at org.springframework.context.support.AbstractApplicationContext.refresh(AbstractApplicationContext.java:624)
	at org.springframework.boot.web.servlet.context.ServletWebServerApplicationContext.refresh(ServletWebServerApplicationContext.java:146)
	at org.springframework.boot.SpringApplication.refresh(SpringApplication.java:754)
	at org.springframework.boot.SpringApplication.refreshContext(SpringApplication.java:456)
	at org.springframework.boot.SpringApplication.run(SpringApplication.java:334)
	at org.springframework.boot.SpringApplication.run(SpringApplication.java:1354)
	at org.springframework.boot.SpringApplication.run(SpringApplication.java:1343)
	at cn.bugstack.xfg.dev.tech.Application.main(Application.java:15)
26-01-06.12:03:28.141 [main            ] INFO  Version                - Redisson 3.44.0
26-01-06.12:03:28.153 [main            ] WARN  DnsServerAddressStreamProviders - Can not find io.netty.resolver.dns.macos.MacOSDnsServerAddressStreamProvider in the classpath, fallback to system defaults. This may result in incorrect DNS resolutions on MacOS. Check whether you have a dependency on 'io.netty:netty-resolver-dns-native-macos'
26-01-06.12:03:28.342 [redisson-netty-1-5] INFO  ConnectionsHolder      - 1 connections initialized for 111.228.7.181/111.228.7.181:16379
26-01-06.12:03:29.026 [redisson-netty-1-13] INFO  ConnectionsHolder      - 5 connections initialized for 111.228.7.181/111.228.7.181:16379
26-01-06.12:03:29.268 [main            ] INFO  Http11NioProtocol      - Starting ProtocolHandler ["http-nio-8090"]
26-01-06.12:03:29.270 [main            ] WARN  AnnotationConfigServletWebServerApplicationContext - Exception encountered during context initialization - cancelling refresh attempt: org.springframework.context.ApplicationContextException: Failed to start bean 'webServerStartStop'
26-01-06.12:03:29.274 [main            ] INFO  HikariDataSource       - HikariCP - Shutdown initiated...
26-01-06.12:03:29.629 [main            ] INFO  HikariDataSource       - HikariCP - Shutdown completed.
26-01-06.12:03:29.641 [main            ] INFO  ConditionEvaluationReportLogger - 

Error starting ApplicationContext. To display the condition evaluation report re-run your application with 'debug' enabled.
26-01-06.12:03:29.652 [main            ] ERROR LoggingFailureAnalysisReporter - 

***************************
APPLICATION FAILED TO START
***************************

Description:

Web server failed to start. Port 8090 was already in use.

Action:

Identify and stop the process that's listening on port 8090 or configure this application to listen on another port.

26-01-06.23:41:03.950 [main            ] INFO  Application            - Starting Application using Java 17.0.13 with PID 78194 (/Users/pipchief/KnowledgePlanet/ai-rag-knowledge/ai-rag-knowledge/xfg-dev-tech-app/target/classes started by pipchief in /Users/pipchief/KnowledgePlanet/ai-rag-knowledge/ai-rag-knowledge)
26-01-06.23:41:03.950 [main            ] INFO  Application            - The following 1 profile is active: "dev"
26-01-06.23:41:04.292 [main            ] INFO  RepositoryConfigurationDelegate - Multiple Spring Data modules found, entering strict repository configuration mode
26-01-06.23:41:04.293 [main            ] INFO  RepositoryConfigurationDelegate - Bootstrapping Spring Data Redis repositories in DEFAULT mode.
26-01-06.23:41:04.304 [main            ] INFO  RepositoryConfigurationDelegate - Finished Spring Data repository scanning in 4 ms. Found 0 Redis repository interfaces.
26-01-06.23:41:04.549 [main            ] INFO  TomcatWebServer        - Tomcat initialized with port 8090 (http)
26-01-06.23:41:04.553 [main            ] INFO  Http11NioProtocol      - Initializing ProtocolHandler ["http-nio-8090"]
26-01-06.23:41:04.553 [main            ] INFO  StandardService        - Starting service [Tomcat]
26-01-06.23:41:04.553 [main            ] INFO  StandardEngine         - Starting Servlet engine: [Apache Tomcat/10.1.19]
26-01-06.23:41:04.585 [main            ] INFO  [/]                    - Initializing Spring embedded WebApplicationContext
26-01-06.23:41:04.585 [main            ] INFO  ServletWebServerApplicationContext - Root WebApplicationContext: initialization completed in 545 ms
26-01-06.23:41:04.792 [main            ] INFO  HikariDataSource       - HikariCP - Starting...
26-01-06.23:41:07.917 [main            ] ERROR HikariPool             - HikariCP - Exception during pool initialization.
org.postgresql.util.PSQLException: FATAL: password authentication failed for user "postgres"
	at org.postgresql.core.v3.ConnectionFactoryImpl.doAuthentication(ConnectionFactoryImpl.java:693)
	at org.postgresql.core.v3.ConnectionFactoryImpl.tryConnect(ConnectionFactoryImpl.java:203)
	at org.postgresql.core.v3.ConnectionFactoryImpl.openConnectionImpl(ConnectionFactoryImpl.java:258)
	at org.postgresql.core.ConnectionFactory.openConnection(ConnectionFactory.java:54)
	at org.postgresql.jdbc.PgConnection.<init>(PgConnection.java:263)
	at org.postgresql.Driver.makeConnection(Driver.java:443)
	at org.postgresql.Driver.connect(Driver.java:297)
	at com.zaxxer.hikari.util.DriverDataSource.getConnection(DriverDataSource.java:138)
	at com.zaxxer.hikari.pool.PoolBase.newConnection(PoolBase.java:359)
	at com.zaxxer.hikari.pool.PoolBase.newPoolEntry(PoolBase.java:201)
	at com.zaxxer.hikari.pool.HikariPool.createPoolEntry(HikariPool.java:470)
	at com.zaxxer.hikari.pool.HikariPool.checkFailFast(HikariPool.java:561)
	at com.zaxxer.hikari.pool.HikariPool.<init>(HikariPool.java:100)
	at com.zaxxer.hikari.HikariDataSource.getConnection(HikariDataSource.java:112)
	at org.springframework.jdbc.datasource.DataSourceUtils.fetchConnection(DataSourceUtils.java:160)
	at org.springframework.jdbc.datasource.DataSourceUtils.doGetConnection(DataSourceUtils.java:118)
	at org.springframework.jdbc.datasource.DataSourceUtils.getConnection(DataSourceUtils.java:81)
	at org.springframework.jdbc.core.JdbcTemplate.execute(JdbcTemplate.java:388)
	at org.springframework.jdbc.core.JdbcTemplate.execute(JdbcTemplate.java:444)
	at org.springframework.ai.vectorstore.PgVectorStore.afterPropertiesSet(PgVectorStore.java:335)
	at org.springframework.beans.factory.support.AbstractAutowireCapableBeanFactory.invokeInitMethods(AbstractAutowireCapableBeanFactory.java:1833)
	at org.springframework.beans.factory.support.AbstractAutowireCapableBeanFactory.initializeBean(AbstractAutowireCapableBeanFactory.java:1782)
	at org.springframework.beans.factory.support.AbstractAutowireCapableBeanFactory.doCreateBean(AbstractAutowireCapableBeanFactory.java:600)
	at org.springframework.beans.factory.support.AbstractAutowireCapableBeanFactory.createBean(AbstractAutowireCapableBeanFactory.java:522)
	at org.springframework.beans.factory.support.AbstractBeanFactory.lambda$doGetBean$0(AbstractBeanFactory.java:325)
	at org.springframework.beans.factory.support.DefaultSingletonBeanRegistry.getSingleton(DefaultSingletonBeanRegistry.java:234)
	at org.springframework.beans.factory.support.AbstractBeanFactory.doGetBean(AbstractBeanFactory.java:323)
	at org.springframework.beans.factory.support.AbstractBeanFactory.getBean(AbstractBeanFactory.java:204)
	at org.springframework.beans.factory.support.AbstractAutowireCapableBeanFactory.resolveBeanByName(AbstractAutowireCapableBeanFactory.java:461)
	at org.springframework.context.annotation.CommonAnnotationBeanPostProcessor.autowireResource(CommonAnnotationBeanPostProcessor.java:603)
	at org.springframework.context.annotation.CommonAnnotationBeanPostProcessor.getResource(CommonAnnotationBeanPostProcessor.java:574)
	at org.springframework.context.annotation.CommonAnnotationBeanPostProcessor$ResourceElement.getResourceToInject(CommonAnnotationBeanPostProcessor.java:736)
	at org.springframework.beans.factory.annotation.InjectionMetadata$InjectedElement.inject(InjectionMetadata.java:270)
	at org.springframework.beans.factory.annotation.InjectionMetadata.inject(InjectionMetadata.java:145)
	at org.springframework.context.annotation.CommonAnnotationBeanPostProcessor.postProcessProperties(CommonAnnotationBeanPostProcessor.java:366)
	at org.springframework.beans.factory.support.AbstractAutowireCapableBeanFactory.populateBean(AbstractAutowireCapableBeanFactory.java:1419)
	at org.springframework.beans.factory.support.AbstractAutowireCapableBeanFactory.doCreateBean(AbstractAutowireCapableBeanFactory.java:599)
	at org.springframework.beans.factory.support.AbstractAutowireCapableBeanFactory.createBean(AbstractAutowireCapableBeanFactory.java:522)
	at org.springframework.beans.factory.support.AbstractBeanFactory.lambda$doGetBean$0(AbstractBeanFactory.java:325)
	at org.springframework.beans.factory.support.DefaultSingletonBeanRegistry.getSingleton(DefaultSingletonBeanRegistry.java:234)
	at org.springframework.beans.factory.support.AbstractBeanFactory.doGetBean(AbstractBeanFactory.java:323)
	at org.springframework.beans.factory.support.AbstractBeanFactory.getBean(AbstractBeanFactory.java:199)
	at org.springframework.beans.factory.support.DefaultListableBeanFactory.preInstantiateSingletons(DefaultListableBeanFactory.java:975)
	at org.springframework.context.support.AbstractApplicationContext.finishBeanFactoryInitialization(AbstractApplicationContext.java:959)
	at org.springframework.context.support.AbstractApplicationContext.refresh(AbstractApplicationContext.java:624)
	at org.springframework.boot.web.servlet.context.ServletWebServerApplicationContext.refresh(ServletWebServerApplicationContext.java:146)
	at org.springframework.boot.SpringApplication.refresh(SpringApplication.java:754)
	at org.springframework.boot.SpringApplication.refreshContext(SpringApplication.java:456)
	at org.springframework.boot.SpringApplication.run(SpringApplication.java:334)
	at org.springframework.boot.SpringApplication.run(SpringApplication.java:1354)
	at org.springframework.boot.SpringApplication.run(SpringApplication.java:1343)
	at cn.bugstack.xfg.dev.tech.Application.main(Application.java:15)
26-01-06.23:41:07.924 [main            ] WARN  AnnotationConfigServletWebServerApplicationContext - Exception encountered during context initialization - cancelling refresh attempt: org.springframework.beans.factory.BeanCreationException: Error creating bean with name 'RAGController': Injection of resource dependencies failed
26-01-06.23:41:07.931 [main            ] INFO  StandardService        - Stopping service [Tomcat]
26-01-06.23:41:07.947 [main            ] INFO  ConditionEvaluationReportLogger - 

Error starting ApplicationContext. To display the condition evaluation report re-run your application with 'debug' enabled.
26-01-06.23:41:07.958 [main            ] ERROR SpringApplication      - Application run failed
org.springframework.beans.factory.BeanCreationException: Error creating bean with name 'RAGController': Injection of resource dependencies failed
	at org.springframework.context.annotation.CommonAnnotationBeanPostProcessor.postProcessProperties(CommonAnnotationBeanPostProcessor.java:369)
	at org.springframework.beans.factory.support.AbstractAutowireCapableBeanFactory.populateBean(AbstractAutowireCapableBeanFactory.java:1419)
	at org.springframework.beans.factory.support.AbstractAutowireCapableBeanFactory.doCreateBean(AbstractAutowireCapableBeanFactory.java:599)
	at org.springframework.beans.factory.support.AbstractAutowireCapableBeanFactory.createBean(AbstractAutowireCapableBeanFactory.java:522)
	at org.springframework.beans.factory.support.AbstractBeanFactory.lambda$doGetBean$0(AbstractBeanFactory.java:325)
	at org.springframework.beans.factory.support.DefaultSingletonBeanRegistry.getSingleton(DefaultSingletonBeanRegistry.java:234)
	at org.springframework.beans.factory.support.AbstractBeanFactory.doGetBean(AbstractBeanFactory.java:323)
	at org.springframework.beans.factory.support.AbstractBeanFactory.getBean(AbstractBeanFactory.java:199)
	at org.springframework.beans.factory.support.DefaultListableBeanFactory.preInstantiateSingletons(DefaultListableBeanFactory.java:975)
	at org.springframework.context.support.AbstractApplicationContext.finishBeanFactoryInitialization(AbstractApplicationContext.java:959)
	at org.springframework.context.support.AbstractApplicationContext.refresh(AbstractApplicationContext.java:624)
	at org.springframework.boot.web.servlet.context.ServletWebServerApplicationContext.refresh(ServletWebServerApplicationContext.java:146)
	at org.springframework.boot.SpringApplication.refresh(SpringApplication.java:754)
	at org.springframework.boot.SpringApplication.refreshContext(SpringApplication.java:456)
	at org.springframework.boot.SpringApplication.run(SpringApplication.java:334)
	at org.springframework.boot.SpringApplication.run(SpringApplication.java:1354)
	at org.springframework.boot.SpringApplication.run(SpringApplication.java:1343)
	at cn.bugstack.xfg.dev.tech.Application.main(Application.java:15)
Caused by: org.springframework.beans.factory.BeanCreationException: Error creating bean with name 'pgVectorStore' defined in class path resource [cn/bugstack/xfg/dev/tech/config/OllamaConfig.class]: Failed to obtain JDBC Connection
	at org.springframework.beans.factory.support.AbstractAutowireCapableBeanFactory.initializeBean(AbstractAutowireCapableBeanFactory.java:1786)
	at org.springframework.beans.factory.support.AbstractAutowireCapableBeanFactory.doCreateBean(AbstractAutowireCapableBeanFactory.java:600)
	at org.springframework.beans.factory.support.AbstractAutowireCapableBeanFactory.createBean(AbstractAutowireCapableBeanFactory.java:522)
	at org.springframework.beans.factory.support.AbstractBeanFactory.lambda$doGetBean$0(AbstractBeanFactory.java:325)
	at org.springframework.beans.factory.support.DefaultSingletonBeanRegistry.getSingleton(DefaultSingletonBeanRegistry.java:234)
	at org.springframework.beans.factory.support.AbstractBeanFactory.doGetBean(AbstractBeanFactory.java:323)
	at org.springframework.beans.factory.support.AbstractBeanFactory.getBean(AbstractBeanFactory.java:204)
	at org.springframework.beans.factory.support.AbstractAutowireCapableBeanFactory.resolveBeanByName(AbstractAutowireCapableBeanFactory.java:461)
	at org.springframework.context.annotation.CommonAnnotationBeanPostProcessor.autowireResource(CommonAnnotationBeanPostProcessor.java:603)
	at org.springframework.context.annotation.CommonAnnotationBeanPostProcessor.getResource(CommonAnnotationBeanPostProcessor.java:574)
	at org.springframework.context.annotation.CommonAnnotationBeanPostProcessor$ResourceElement.getResourceToInject(CommonAnnotationBeanPostProcessor.java:736)
	at org.springframework.beans.factory.annotation.InjectionMetadata$InjectedElement.inject(InjectionMetadata.java:270)
	at org.springframework.beans.factory.annotation.InjectionMetadata.inject(InjectionMetadata.java:145)
	at org.springframework.context.annotation.CommonAnnotationBeanPostProcessor.postProcessProperties(CommonAnnotationBeanPostProcessor.java:366)
	... 17 common frames omitted
Caused by: org.springframework.jdbc.CannotGetJdbcConnectionException: Failed to obtain JDBC Connection
	at org.springframework.jdbc.datasource.DataSourceUtils.getConnection(DataSourceUtils.java:84)
	at org.springframework.jdbc.core.JdbcTemplate.execute(JdbcTemplate.java:388)
	at org.springframework.jdbc.core.JdbcTemplate.execute(JdbcTemplate.java:444)
	at org.springframework.ai.vectorstore.PgVectorStore.afterPropertiesSet(PgVectorStore.java:335)
	at org.springframework.beans.factory.support.AbstractAutowireCapableBeanFactory.invokeInitMethods(AbstractAutowireCapableBeanFactory.java:1833)
	at org.springframework.beans.factory.support.AbstractAutowireCapableBeanFactory.initializeBean(AbstractAutowireCapableBeanFactory.java:1782)
	... 30 common frames omitted
Caused by: org.postgresql.util.PSQLException: FATAL: password authentication failed for user "postgres"
	at org.postgresql.core.v3.ConnectionFactoryImpl.doAuthentication(ConnectionFactoryImpl.java:693)
	at org.postgresql.core.v3.ConnectionFactoryImpl.tryConnect(ConnectionFactoryImpl.java:203)
	at org.postgresql.core.v3.ConnectionFactoryImpl.openConnectionImpl(ConnectionFactoryImpl.java:258)
	at org.postgresql.core.ConnectionFactory.openConnection(ConnectionFactory.java:54)
	at org.postgresql.jdbc.PgConnection.<init>(PgConnection.java:263)
	at org.postgresql.Driver.makeConnection(Driver.java:443)
	at org.postgresql.Driver.connect(Driver.java:297)
	at com.zaxxer.hikari.util.DriverDataSource.getConnection(DriverDataSource.java:138)
	at com.zaxxer.hikari.pool.PoolBase.newConnection(PoolBase.java:359)
	at com.zaxxer.hikari.pool.PoolBase.newPoolEntry(PoolBase.java:201)
	at com.zaxxer.hikari.pool.HikariPool.createPoolEntry(HikariPool.java:470)
	at com.zaxxer.hikari.pool.HikariPool.checkFailFast(HikariPool.java:561)
	at com.zaxxer.hikari.pool.HikariPool.<init>(HikariPool.java:100)
	at com.zaxxer.hikari.HikariDataSource.getConnection(HikariDataSource.java:112)
	at org.springframework.jdbc.datasource.DataSourceUtils.fetchConnection(DataSourceUtils.java:160)
	at org.springframework.jdbc.datasource.DataSourceUtils.doGetConnection(DataSourceUtils.java:118)
	at org.springframework.jdbc.datasource.DataSourceUtils.getConnection(DataSourceUtils.java:81)
	... 35 common frames omitted
26-01-06.23:42:49.799 [main            ] INFO  Application            - Starting Application using Java 17.0.13 with PID 80412 (/Users/pipchief/KnowledgePlanet/ai-rag-knowledge/ai-rag-knowledge/xfg-dev-tech-app/target/classes started by pipchief in /Users/pipchief/KnowledgePlanet/ai-rag-knowledge/ai-rag-knowledge)
26-01-06.23:42:49.799 [main            ] INFO  Application            - The following 1 profile is active: "dev"
26-01-06.23:42:50.122 [main            ] INFO  RepositoryConfigurationDelegate - Multiple Spring Data modules found, entering strict repository configuration mode
26-01-06.23:42:50.123 [main            ] INFO  RepositoryConfigurationDelegate - Bootstrapping Spring Data Redis repositories in DEFAULT mode.
26-01-06.23:42:50.133 [main            ] INFO  RepositoryConfigurationDelegate - Finished Spring Data repository scanning in 4 ms. Found 0 Redis repository interfaces.
26-01-06.23:42:50.365 [main            ] INFO  TomcatWebServer        - Tomcat initialized with port 8090 (http)
26-01-06.23:42:50.369 [main            ] INFO  Http11NioProtocol      - Initializing ProtocolHandler ["http-nio-8090"]
26-01-06.23:42:50.370 [main            ] INFO  StandardService        - Starting service [Tomcat]
26-01-06.23:42:50.370 [main            ] INFO  StandardEngine         - Starting Servlet engine: [Apache Tomcat/10.1.19]
26-01-06.23:42:50.395 [main            ] INFO  [/]                    - Initializing Spring embedded WebApplicationContext
26-01-06.23:42:50.395 [main            ] INFO  ServletWebServerApplicationContext - Root WebApplicationContext: initialization completed in 511 ms
26-01-06.23:42:50.574 [main            ] INFO  HikariDataSource       - HikariCP - Starting...
26-01-06.23:42:51.773 [main            ] ERROR HikariPool             - HikariCP - Exception during pool initialization.
org.postgresql.util.PSQLException: FATAL: password authentication failed for user "postgres"
	at org.postgresql.core.v3.ConnectionFactoryImpl.doAuthentication(ConnectionFactoryImpl.java:693)
	at org.postgresql.core.v3.ConnectionFactoryImpl.tryConnect(ConnectionFactoryImpl.java:203)
	at org.postgresql.core.v3.ConnectionFactoryImpl.openConnectionImpl(ConnectionFactoryImpl.java:258)
	at org.postgresql.core.ConnectionFactory.openConnection(ConnectionFactory.java:54)
	at org.postgresql.jdbc.PgConnection.<init>(PgConnection.java:263)
	at org.postgresql.Driver.makeConnection(Driver.java:443)
	at org.postgresql.Driver.connect(Driver.java:297)
	at com.zaxxer.hikari.util.DriverDataSource.getConnection(DriverDataSource.java:138)
	at com.zaxxer.hikari.pool.PoolBase.newConnection(PoolBase.java:359)
	at com.zaxxer.hikari.pool.PoolBase.newPoolEntry(PoolBase.java:201)
	at com.zaxxer.hikari.pool.HikariPool.createPoolEntry(HikariPool.java:470)
	at com.zaxxer.hikari.pool.HikariPool.checkFailFast(HikariPool.java:561)
	at com.zaxxer.hikari.pool.HikariPool.<init>(HikariPool.java:100)
	at com.zaxxer.hikari.HikariDataSource.getConnection(HikariDataSource.java:112)
	at org.springframework.jdbc.datasource.DataSourceUtils.fetchConnection(DataSourceUtils.java:160)
	at org.springframework.jdbc.datasource.DataSourceUtils.doGetConnection(DataSourceUtils.java:118)
	at org.springframework.jdbc.datasource.DataSourceUtils.getConnection(DataSourceUtils.java:81)
	at org.springframework.jdbc.core.JdbcTemplate.execute(JdbcTemplate.java:388)
	at org.springframework.jdbc.core.JdbcTemplate.execute(JdbcTemplate.java:444)
	at org.springframework.ai.vectorstore.PgVectorStore.afterPropertiesSet(PgVectorStore.java:335)
	at org.springframework.beans.factory.support.AbstractAutowireCapableBeanFactory.invokeInitMethods(AbstractAutowireCapableBeanFactory.java:1833)
	at org.springframework.beans.factory.support.AbstractAutowireCapableBeanFactory.initializeBean(AbstractAutowireCapableBeanFactory.java:1782)
	at org.springframework.beans.factory.support.AbstractAutowireCapableBeanFactory.doCreateBean(AbstractAutowireCapableBeanFactory.java:600)
	at org.springframework.beans.factory.support.AbstractAutowireCapableBeanFactory.createBean(AbstractAutowireCapableBeanFactory.java:522)
	at org.springframework.beans.factory.support.AbstractBeanFactory.lambda$doGetBean$0(AbstractBeanFactory.java:325)
	at org.springframework.beans.factory.support.DefaultSingletonBeanRegistry.getSingleton(DefaultSingletonBeanRegistry.java:234)
	at org.springframework.beans.factory.support.AbstractBeanFactory.doGetBean(AbstractBeanFactory.java:323)
	at org.springframework.beans.factory.support.AbstractBeanFactory.getBean(AbstractBeanFactory.java:204)
	at org.springframework.beans.factory.support.AbstractAutowireCapableBeanFactory.resolveBeanByName(AbstractAutowireCapableBeanFactory.java:461)
	at org.springframework.context.annotation.CommonAnnotationBeanPostProcessor.autowireResource(CommonAnnotationBeanPostProcessor.java:603)
	at org.springframework.context.annotation.CommonAnnotationBeanPostProcessor.getResource(CommonAnnotationBeanPostProcessor.java:574)
	at org.springframework.context.annotation.CommonAnnotationBeanPostProcessor$ResourceElement.getResourceToInject(CommonAnnotationBeanPostProcessor.java:736)
	at org.springframework.beans.factory.annotation.InjectionMetadata$InjectedElement.inject(InjectionMetadata.java:270)
	at org.springframework.beans.factory.annotation.InjectionMetadata.inject(InjectionMetadata.java:145)
	at org.springframework.context.annotation.CommonAnnotationBeanPostProcessor.postProcessProperties(CommonAnnotationBeanPostProcessor.java:366)
	at org.springframework.beans.factory.support.AbstractAutowireCapableBeanFactory.populateBean(AbstractAutowireCapableBeanFactory.java:1419)
	at org.springframework.beans.factory.support.AbstractAutowireCapableBeanFactory.doCreateBean(AbstractAutowireCapableBeanFactory.java:599)
	at org.springframework.beans.factory.support.AbstractAutowireCapableBeanFactory.createBean(AbstractAutowireCapableBeanFactory.java:522)
	at org.springframework.beans.factory.support.AbstractBeanFactory.lambda$doGetBean$0(AbstractBeanFactory.java:325)
	at org.springframework.beans.factory.support.DefaultSingletonBeanRegistry.getSingleton(DefaultSingletonBeanRegistry.java:234)
	at org.springframework.beans.factory.support.AbstractBeanFactory.doGetBean(AbstractBeanFactory.java:323)
	at org.springframework.beans.factory.support.AbstractBeanFactory.getBean(AbstractBeanFactory.java:199)
	at org.springframework.beans.factory.support.DefaultListableBeanFactory.preInstantiateSingletons(DefaultListableBeanFactory.java:975)
	at org.springframework.context.support.AbstractApplicationContext.finishBeanFactoryInitialization(AbstractApplicationContext.java:959)
	at org.springframework.context.support.AbstractApplicationContext.refresh(AbstractApplicationContext.java:624)
	at org.springframework.boot.web.servlet.context.ServletWebServerApplicationContext.refresh(ServletWebServerApplicationContext.java:146)
	at org.springframework.boot.SpringApplication.refresh(SpringApplication.java:754)
	at org.springframework.boot.SpringApplication.refreshContext(SpringApplication.java:456)
	at org.springframework.boot.SpringApplication.run(SpringApplication.java:334)
	at org.springframework.boot.SpringApplication.run(SpringApplication.java:1354)
	at org.springframework.boot.SpringApplication.run(SpringApplication.java:1343)
	at cn.bugstack.xfg.dev.tech.Application.main(Application.java:15)
26-01-06.23:42:51.780 [main            ] WARN  AnnotationConfigServletWebServerApplicationContext - Exception encountered during context initialization - cancelling refresh attempt: org.springframework.beans.factory.BeanCreationException: Error creating bean with name 'RAGController': Injection of resource dependencies failed
26-01-06.23:42:51.784 [main            ] INFO  StandardService        - Stopping service [Tomcat]
26-01-06.23:42:51.800 [main            ] INFO  ConditionEvaluationReportLogger - 

Error starting ApplicationContext. To display the condition evaluation report re-run your application with 'debug' enabled.
26-01-06.23:42:51.812 [main            ] ERROR SpringApplication      - Application run failed
org.springframework.beans.factory.BeanCreationException: Error creating bean with name 'RAGController': Injection of resource dependencies failed
	at org.springframework.context.annotation.CommonAnnotationBeanPostProcessor.postProcessProperties(CommonAnnotationBeanPostProcessor.java:369)
	at org.springframework.beans.factory.support.AbstractAutowireCapableBeanFactory.populateBean(AbstractAutowireCapableBeanFactory.java:1419)
	at org.springframework.beans.factory.support.AbstractAutowireCapableBeanFactory.doCreateBean(AbstractAutowireCapableBeanFactory.java:599)
	at org.springframework.beans.factory.support.AbstractAutowireCapableBeanFactory.createBean(AbstractAutowireCapableBeanFactory.java:522)
	at org.springframework.beans.factory.support.AbstractBeanFactory.lambda$doGetBean$0(AbstractBeanFactory.java:325)
	at org.springframework.beans.factory.support.DefaultSingletonBeanRegistry.getSingleton(DefaultSingletonBeanRegistry.java:234)
	at org.springframework.beans.factory.support.AbstractBeanFactory.doGetBean(AbstractBeanFactory.java:323)
	at org.springframework.beans.factory.support.AbstractBeanFactory.getBean(AbstractBeanFactory.java:199)
	at org.springframework.beans.factory.support.DefaultListableBeanFactory.preInstantiateSingletons(DefaultListableBeanFactory.java:975)
	at org.springframework.context.support.AbstractApplicationContext.finishBeanFactoryInitialization(AbstractApplicationContext.java:959)
	at org.springframework.context.support.AbstractApplicationContext.refresh(AbstractApplicationContext.java:624)
	at org.springframework.boot.web.servlet.context.ServletWebServerApplicationContext.refresh(ServletWebServerApplicationContext.java:146)
	at org.springframework.boot.SpringApplication.refresh(SpringApplication.java:754)
	at org.springframework.boot.SpringApplication.refreshContext(SpringApplication.java:456)
	at org.springframework.boot.SpringApplication.run(SpringApplication.java:334)
	at org.springframework.boot.SpringApplication.run(SpringApplication.java:1354)
	at org.springframework.boot.SpringApplication.run(SpringApplication.java:1343)
	at cn.bugstack.xfg.dev.tech.Application.main(Application.java:15)
Caused by: org.springframework.beans.factory.BeanCreationException: Error creating bean with name 'pgVectorStore' defined in class path resource [cn/bugstack/xfg/dev/tech/config/OllamaConfig.class]: Failed to obtain JDBC Connection
	at org.springframework.beans.factory.support.AbstractAutowireCapableBeanFactory.initializeBean(AbstractAutowireCapableBeanFactory.java:1786)
	at org.springframework.beans.factory.support.AbstractAutowireCapableBeanFactory.doCreateBean(AbstractAutowireCapableBeanFactory.java:600)
	at org.springframework.beans.factory.support.AbstractAutowireCapableBeanFactory.createBean(AbstractAutowireCapableBeanFactory.java:522)
	at org.springframework.beans.factory.support.AbstractBeanFactory.lambda$doGetBean$0(AbstractBeanFactory.java:325)
	at org.springframework.beans.factory.support.DefaultSingletonBeanRegistry.getSingleton(DefaultSingletonBeanRegistry.java:234)
	at org.springframework.beans.factory.support.AbstractBeanFactory.doGetBean(AbstractBeanFactory.java:323)
	at org.springframework.beans.factory.support.AbstractBeanFactory.getBean(AbstractBeanFactory.java:204)
	at org.springframework.beans.factory.support.AbstractAutowireCapableBeanFactory.resolveBeanByName(AbstractAutowireCapableBeanFactory.java:461)
	at org.springframework.context.annotation.CommonAnnotationBeanPostProcessor.autowireResource(CommonAnnotationBeanPostProcessor.java:603)
	at org.springframework.context.annotation.CommonAnnotationBeanPostProcessor.getResource(CommonAnnotationBeanPostProcessor.java:574)
	at org.springframework.context.annotation.CommonAnnotationBeanPostProcessor$ResourceElement.getResourceToInject(CommonAnnotationBeanPostProcessor.java:736)
	at org.springframework.beans.factory.annotation.InjectionMetadata$InjectedElement.inject(InjectionMetadata.java:270)
	at org.springframework.beans.factory.annotation.InjectionMetadata.inject(InjectionMetadata.java:145)
	at org.springframework.context.annotation.CommonAnnotationBeanPostProcessor.postProcessProperties(CommonAnnotationBeanPostProcessor.java:366)
	... 17 common frames omitted
Caused by: org.springframework.jdbc.CannotGetJdbcConnectionException: Failed to obtain JDBC Connection
	at org.springframework.jdbc.datasource.DataSourceUtils.getConnection(DataSourceUtils.java:84)
	at org.springframework.jdbc.core.JdbcTemplate.execute(JdbcTemplate.java:388)
	at org.springframework.jdbc.core.JdbcTemplate.execute(JdbcTemplate.java:444)
	at org.springframework.ai.vectorstore.PgVectorStore.afterPropertiesSet(PgVectorStore.java:335)
	at org.springframework.beans.factory.support.AbstractAutowireCapableBeanFactory.invokeInitMethods(AbstractAutowireCapableBeanFactory.java:1833)
	at org.springframework.beans.factory.support.AbstractAutowireCapableBeanFactory.initializeBean(AbstractAutowireCapableBeanFactory.java:1782)
	... 30 common frames omitted
Caused by: org.postgresql.util.PSQLException: FATAL: password authentication failed for user "postgres"
	at org.postgresql.core.v3.ConnectionFactoryImpl.doAuthentication(ConnectionFactoryImpl.java:693)
	at org.postgresql.core.v3.ConnectionFactoryImpl.tryConnect(ConnectionFactoryImpl.java:203)
	at org.postgresql.core.v3.ConnectionFactoryImpl.openConnectionImpl(ConnectionFactoryImpl.java:258)
	at org.postgresql.core.ConnectionFactory.openConnection(ConnectionFactory.java:54)
	at org.postgresql.jdbc.PgConnection.<init>(PgConnection.java:263)
	at org.postgresql.Driver.makeConnection(Driver.java:443)
	at org.postgresql.Driver.connect(Driver.java:297)
	at com.zaxxer.hikari.util.DriverDataSource.getConnection(DriverDataSource.java:138)
	at com.zaxxer.hikari.pool.PoolBase.newConnection(PoolBase.java:359)
	at com.zaxxer.hikari.pool.PoolBase.newPoolEntry(PoolBase.java:201)
	at com.zaxxer.hikari.pool.HikariPool.createPoolEntry(HikariPool.java:470)
	at com.zaxxer.hikari.pool.HikariPool.checkFailFast(HikariPool.java:561)
	at com.zaxxer.hikari.pool.HikariPool.<init>(HikariPool.java:100)
	at com.zaxxer.hikari.HikariDataSource.getConnection(HikariDataSource.java:112)
	at org.springframework.jdbc.datasource.DataSourceUtils.fetchConnection(DataSourceUtils.java:160)
	at org.springframework.jdbc.datasource.DataSourceUtils.doGetConnection(DataSourceUtils.java:118)
	at org.springframework.jdbc.datasource.DataSourceUtils.getConnection(DataSourceUtils.java:81)
	... 35 common frames omitted
26-01-06.23:53:15.000 [main            ] INFO  Application            - Starting Application using Java 17.0.13 with PID 86349 (/Users/pipchief/KnowledgePlanet/ai-rag-knowledge/ai-rag-knowledge/xfg-dev-tech-app/target/classes started by pipchief in /Users/pipchief/KnowledgePlanet/ai-rag-knowledge/ai-rag-knowledge)
26-01-06.23:53:15.001 [main            ] INFO  Application            - The following 1 profile is active: "dev"
26-01-06.23:53:15.334 [main            ] INFO  RepositoryConfigurationDelegate - Multiple Spring Data modules found, entering strict repository configuration mode
26-01-06.23:53:15.335 [main            ] INFO  RepositoryConfigurationDelegate - Bootstrapping Spring Data Redis repositories in DEFAULT mode.
26-01-06.23:53:15.345 [main            ] INFO  RepositoryConfigurationDelegate - Finished Spring Data repository scanning in 4 ms. Found 0 Redis repository interfaces.
26-01-06.23:53:15.583 [main            ] INFO  TomcatWebServer        - Tomcat initialized with port 8090 (http)
26-01-06.23:53:15.587 [main            ] INFO  Http11NioProtocol      - Initializing ProtocolHandler ["http-nio-8090"]
26-01-06.23:53:15.587 [main            ] INFO  StandardService        - Starting service [Tomcat]
26-01-06.23:53:15.588 [main            ] INFO  StandardEngine         - Starting Servlet engine: [Apache Tomcat/10.1.19]
26-01-06.23:53:15.617 [main            ] INFO  [/]                    - Initializing Spring embedded WebApplicationContext
26-01-06.23:53:15.617 [main            ] INFO  ServletWebServerApplicationContext - Root WebApplicationContext: initialization completed in 529 ms
26-01-06.23:53:15.824 [main            ] INFO  HikariDataSource       - HikariCP - Starting...
26-01-06.23:53:16.214 [main            ] INFO  HikariPool             - HikariCP - Added connection org.postgresql.jdbc.PgConnection@3c6e0e06
26-01-06.23:53:16.215 [main            ] INFO  HikariDataSource       - HikariCP - Start completed.
26-01-06.23:53:16.669 [main            ] WARN  OllamaApi              - [500] Internal Server Error - {"error":"model requires more system memory (352.9 MiB) than is available (174.9 MiB)"}
26-01-06.23:53:16.669 [main            ] WARN  PgVectorStore          - Failed to obtain the embedding dimensions from the embedding client and fall backs to default:1536
java.lang.RuntimeException: [500] Internal Server Error - {"error":"model requires more system memory (352.9 MiB) than is available (174.9 MiB)"}
	at org.springframework.ai.ollama.api.OllamaApi$OllamaResponseErrorHandler.handleError(OllamaApi.java:78)
	at org.springframework.web.client.ResponseErrorHandler.handleError(ResponseErrorHandler.java:63)
	at org.springframework.web.client.StatusHandler.lambda$fromErrorHandler$1(StatusHandler.java:71)
	at org.springframework.web.client.StatusHandler.handle(StatusHandler.java:146)
	at org.springframework.web.client.DefaultRestClient$DefaultResponseSpec.applyStatusHandlers(DefaultRestClient.java:680)
	at org.springframework.web.client.DefaultRestClient.readWithMessageConverters(DefaultRestClient.java:200)
	at org.springframework.web.client.DefaultRestClient$DefaultResponseSpec.readBody(DefaultRestClient.java:667)
	at org.springframework.web.client.DefaultRestClient$DefaultResponseSpec.body(DefaultRestClient.java:613)
	at org.springframework.ai.ollama.api.OllamaApi.embeddings(OllamaApi.java:595)
	at org.springframework.ai.ollama.OllamaEmbeddingClient.call(OllamaEmbeddingClient.java:101)
	at org.springframework.ai.embedding.EmbeddingClient.embed(EmbeddingClient.java:56)
	at org.springframework.ai.embedding.EmbeddingClient.embed(EmbeddingClient.java:39)
	at org.springframework.ai.embedding.AbstractEmbeddingClient.dimensions(AbstractEmbeddingClient.java:56)
	at org.springframework.ai.embedding.AbstractEmbeddingClient.dimensions(AbstractEmbeddingClient.java:78)
	at org.springframework.ai.vectorstore.PgVectorStore.embeddingDimensions(PgVectorStore.java:367)
	at org.springframework.ai.vectorstore.PgVectorStore.afterPropertiesSet(PgVectorStore.java:351)
	at org.springframework.beans.factory.support.AbstractAutowireCapableBeanFactory.invokeInitMethods(AbstractAutowireCapableBeanFactory.java:1833)
	at org.springframework.beans.factory.support.AbstractAutowireCapableBeanFactory.initializeBean(AbstractAutowireCapableBeanFactory.java:1782)
	at org.springframework.beans.factory.support.AbstractAutowireCapableBeanFactory.doCreateBean(AbstractAutowireCapableBeanFactory.java:600)
	at org.springframework.beans.factory.support.AbstractAutowireCapableBeanFactory.createBean(AbstractAutowireCapableBeanFactory.java:522)
	at org.springframework.beans.factory.support.AbstractBeanFactory.lambda$doGetBean$0(AbstractBeanFactory.java:325)
	at org.springframework.beans.factory.support.DefaultSingletonBeanRegistry.getSingleton(DefaultSingletonBeanRegistry.java:234)
	at org.springframework.beans.factory.support.AbstractBeanFactory.doGetBean(AbstractBeanFactory.java:323)
	at org.springframework.beans.factory.support.AbstractBeanFactory.getBean(AbstractBeanFactory.java:204)
	at org.springframework.beans.factory.support.AbstractAutowireCapableBeanFactory.resolveBeanByName(AbstractAutowireCapableBeanFactory.java:461)
	at org.springframework.context.annotation.CommonAnnotationBeanPostProcessor.autowireResource(CommonAnnotationBeanPostProcessor.java:603)
	at org.springframework.context.annotation.CommonAnnotationBeanPostProcessor.getResource(CommonAnnotationBeanPostProcessor.java:574)
	at org.springframework.context.annotation.CommonAnnotationBeanPostProcessor$ResourceElement.getResourceToInject(CommonAnnotationBeanPostProcessor.java:736)
	at org.springframework.beans.factory.annotation.InjectionMetadata$InjectedElement.inject(InjectionMetadata.java:270)
	at org.springframework.beans.factory.annotation.InjectionMetadata.inject(InjectionMetadata.java:145)
	at org.springframework.context.annotation.CommonAnnotationBeanPostProcessor.postProcessProperties(CommonAnnotationBeanPostProcessor.java:366)
	at org.springframework.beans.factory.support.AbstractAutowireCapableBeanFactory.populateBean(AbstractAutowireCapableBeanFactory.java:1419)
	at org.springframework.beans.factory.support.AbstractAutowireCapableBeanFactory.doCreateBean(AbstractAutowireCapableBeanFactory.java:599)
	at org.springframework.beans.factory.support.AbstractAutowireCapableBeanFactory.createBean(AbstractAutowireCapableBeanFactory.java:522)
	at org.springframework.beans.factory.support.AbstractBeanFactory.lambda$doGetBean$0(AbstractBeanFactory.java:325)
	at org.springframework.beans.factory.support.DefaultSingletonBeanRegistry.getSingleton(DefaultSingletonBeanRegistry.java:234)
	at org.springframework.beans.factory.support.AbstractBeanFactory.doGetBean(AbstractBeanFactory.java:323)
	at org.springframework.beans.factory.support.AbstractBeanFactory.getBean(AbstractBeanFactory.java:199)
	at org.springframework.beans.factory.support.DefaultListableBeanFactory.preInstantiateSingletons(DefaultListableBeanFactory.java:975)
	at org.springframework.context.support.AbstractApplicationContext.finishBeanFactoryInitialization(AbstractApplicationContext.java:959)
	at org.springframework.context.support.AbstractApplicationContext.refresh(AbstractApplicationContext.java:624)
	at org.springframework.boot.web.servlet.context.ServletWebServerApplicationContext.refresh(ServletWebServerApplicationContext.java:146)
	at org.springframework.boot.SpringApplication.refresh(SpringApplication.java:754)
	at org.springframework.boot.SpringApplication.refreshContext(SpringApplication.java:456)
	at org.springframework.boot.SpringApplication.run(SpringApplication.java:334)
	at org.springframework.boot.SpringApplication.run(SpringApplication.java:1354)
	at org.springframework.boot.SpringApplication.run(SpringApplication.java:1343)
	at cn.bugstack.xfg.dev.tech.Application.main(Application.java:15)
26-01-06.23:53:16.874 [main            ] INFO  Version                - Redisson 3.44.0
26-01-06.23:53:16.891 [main            ] WARN  DnsServerAddressStreamProviders - Can not find io.netty.resolver.dns.macos.MacOSDnsServerAddressStreamProvider in the classpath, fallback to system defaults. This may result in incorrect DNS resolutions on MacOS. Check whether you have a dependency on 'io.netty:netty-resolver-dns-native-macos'
26-01-06.23:53:17.024 [redisson-netty-1-4] INFO  ConnectionsHolder      - 1 connections initialized for 111.228.7.181/111.228.7.181:16379
26-01-06.23:53:17.268 [redisson-netty-1-13] INFO  ConnectionsHolder      - 5 connections initialized for 111.228.7.181/111.228.7.181:16379
26-01-06.23:53:17.515 [main            ] INFO  Http11NioProtocol      - Starting ProtocolHandler ["http-nio-8090"]
26-01-06.23:53:17.517 [main            ] WARN  AnnotationConfigServletWebServerApplicationContext - Exception encountered during context initialization - cancelling refresh attempt: org.springframework.context.ApplicationContextException: Failed to start bean 'webServerStartStop'
26-01-06.23:53:17.522 [main            ] INFO  HikariDataSource       - HikariCP - Shutdown initiated...
26-01-06.23:53:17.522 [main            ] INFO  HikariDataSource       - HikariCP - Shutdown completed.
26-01-06.23:53:17.527 [main            ] INFO  ConditionEvaluationReportLogger - 

Error starting ApplicationContext. To display the condition evaluation report re-run your application with 'debug' enabled.
26-01-06.23:53:17.533 [main            ] ERROR LoggingFailureAnalysisReporter - 

***************************
APPLICATION FAILED TO START
***************************

Description:

Web server failed to start. Port 8090 was already in use.

Action:

Identify and stop the process that's listening on port 8090 or configure this application to listen on another port.

26-01-06.23:54:48.393 [main            ] INFO  Application            - Starting Application using Java 17.0.13 with PID 86480 (/Users/pipchief/KnowledgePlanet/ai-rag-knowledge/ai-rag-knowledge/xfg-dev-tech-app/target/classes started by pipchief in /Users/pipchief/KnowledgePlanet/ai-rag-knowledge/ai-rag-knowledge)
26-01-06.23:54:48.393 [main            ] INFO  Application            - The following 1 profile is active: "dev"
26-01-06.23:54:48.715 [main            ] INFO  RepositoryConfigurationDelegate - Multiple Spring Data modules found, entering strict repository configuration mode
26-01-06.23:54:48.717 [main            ] INFO  RepositoryConfigurationDelegate - Bootstrapping Spring Data Redis repositories in DEFAULT mode.
26-01-06.23:54:48.726 [main            ] INFO  RepositoryConfigurationDelegate - Finished Spring Data repository scanning in 4 ms. Found 0 Redis repository interfaces.
26-01-06.23:54:48.961 [main            ] INFO  TomcatWebServer        - Tomcat initialized with port 8090 (http)
26-01-06.23:54:48.965 [main            ] INFO  Http11NioProtocol      - Initializing ProtocolHandler ["http-nio-8090"]
26-01-06.23:54:48.966 [main            ] INFO  StandardService        - Starting service [Tomcat]
26-01-06.23:54:48.966 [main            ] INFO  StandardEngine         - Starting Servlet engine: [Apache Tomcat/10.1.19]
26-01-06.23:54:48.992 [main            ] INFO  [/]                    - Initializing Spring embedded WebApplicationContext
26-01-06.23:54:48.992 [main            ] INFO  ServletWebServerApplicationContext - Root WebApplicationContext: initialization completed in 511 ms
26-01-06.23:54:49.176 [main            ] INFO  HikariDataSource       - HikariCP - Starting...
26-01-06.23:54:50.373 [main            ] ERROR HikariPool             - HikariCP - Exception during pool initialization.
org.postgresql.util.PSQLException: FATAL: password authentication failed for user "postgres"
	at org.postgresql.core.v3.ConnectionFactoryImpl.doAuthentication(ConnectionFactoryImpl.java:693)
	at org.postgresql.core.v3.ConnectionFactoryImpl.tryConnect(ConnectionFactoryImpl.java:203)
	at org.postgresql.core.v3.ConnectionFactoryImpl.openConnectionImpl(ConnectionFactoryImpl.java:258)
	at org.postgresql.core.ConnectionFactory.openConnection(ConnectionFactory.java:54)
	at org.postgresql.jdbc.PgConnection.<init>(PgConnection.java:263)
	at org.postgresql.Driver.makeConnection(Driver.java:443)
	at org.postgresql.Driver.connect(Driver.java:297)
	at com.zaxxer.hikari.util.DriverDataSource.getConnection(DriverDataSource.java:138)
	at com.zaxxer.hikari.pool.PoolBase.newConnection(PoolBase.java:359)
	at com.zaxxer.hikari.pool.PoolBase.newPoolEntry(PoolBase.java:201)
	at com.zaxxer.hikari.pool.HikariPool.createPoolEntry(HikariPool.java:470)
	at com.zaxxer.hikari.pool.HikariPool.checkFailFast(HikariPool.java:561)
	at com.zaxxer.hikari.pool.HikariPool.<init>(HikariPool.java:100)
	at com.zaxxer.hikari.HikariDataSource.getConnection(HikariDataSource.java:112)
	at org.springframework.jdbc.datasource.DataSourceUtils.fetchConnection(DataSourceUtils.java:160)
	at org.springframework.jdbc.datasource.DataSourceUtils.doGetConnection(DataSourceUtils.java:118)
	at org.springframework.jdbc.datasource.DataSourceUtils.getConnection(DataSourceUtils.java:81)
	at org.springframework.jdbc.core.JdbcTemplate.execute(JdbcTemplate.java:388)
	at org.springframework.jdbc.core.JdbcTemplate.execute(JdbcTemplate.java:444)
	at org.springframework.ai.vectorstore.PgVectorStore.afterPropertiesSet(PgVectorStore.java:335)
	at org.springframework.beans.factory.support.AbstractAutowireCapableBeanFactory.invokeInitMethods(AbstractAutowireCapableBeanFactory.java:1833)
	at org.springframework.beans.factory.support.AbstractAutowireCapableBeanFactory.initializeBean(AbstractAutowireCapableBeanFactory.java:1782)
	at org.springframework.beans.factory.support.AbstractAutowireCapableBeanFactory.doCreateBean(AbstractAutowireCapableBeanFactory.java:600)
	at org.springframework.beans.factory.support.AbstractAutowireCapableBeanFactory.createBean(AbstractAutowireCapableBeanFactory.java:522)
	at org.springframework.beans.factory.support.AbstractBeanFactory.lambda$doGetBean$0(AbstractBeanFactory.java:325)
	at org.springframework.beans.factory.support.DefaultSingletonBeanRegistry.getSingleton(DefaultSingletonBeanRegistry.java:234)
	at org.springframework.beans.factory.support.AbstractBeanFactory.doGetBean(AbstractBeanFactory.java:323)
	at org.springframework.beans.factory.support.AbstractBeanFactory.getBean(AbstractBeanFactory.java:204)
	at org.springframework.beans.factory.support.AbstractAutowireCapableBeanFactory.resolveBeanByName(AbstractAutowireCapableBeanFactory.java:461)
	at org.springframework.context.annotation.CommonAnnotationBeanPostProcessor.autowireResource(CommonAnnotationBeanPostProcessor.java:603)
	at org.springframework.context.annotation.CommonAnnotationBeanPostProcessor.getResource(CommonAnnotationBeanPostProcessor.java:574)
	at org.springframework.context.annotation.CommonAnnotationBeanPostProcessor$ResourceElement.getResourceToInject(CommonAnnotationBeanPostProcessor.java:736)
	at org.springframework.beans.factory.annotation.InjectionMetadata$InjectedElement.inject(InjectionMetadata.java:270)
	at org.springframework.beans.factory.annotation.InjectionMetadata.inject(InjectionMetadata.java:145)
	at org.springframework.context.annotation.CommonAnnotationBeanPostProcessor.postProcessProperties(CommonAnnotationBeanPostProcessor.java:366)
	at org.springframework.beans.factory.support.AbstractAutowireCapableBeanFactory.populateBean(AbstractAutowireCapableBeanFactory.java:1419)
	at org.springframework.beans.factory.support.AbstractAutowireCapableBeanFactory.doCreateBean(AbstractAutowireCapableBeanFactory.java:599)
	at org.springframework.beans.factory.support.AbstractAutowireCapableBeanFactory.createBean(AbstractAutowireCapableBeanFactory.java:522)
	at org.springframework.beans.factory.support.AbstractBeanFactory.lambda$doGetBean$0(AbstractBeanFactory.java:325)
	at org.springframework.beans.factory.support.DefaultSingletonBeanRegistry.getSingleton(DefaultSingletonBeanRegistry.java:234)
	at org.springframework.beans.factory.support.AbstractBeanFactory.doGetBean(AbstractBeanFactory.java:323)
	at org.springframework.beans.factory.support.AbstractBeanFactory.getBean(AbstractBeanFactory.java:199)
	at org.springframework.beans.factory.support.DefaultListableBeanFactory.preInstantiateSingletons(DefaultListableBeanFactory.java:975)
	at org.springframework.context.support.AbstractApplicationContext.finishBeanFactoryInitialization(AbstractApplicationContext.java:959)
	at org.springframework.context.support.AbstractApplicationContext.refresh(AbstractApplicationContext.java:624)
	at org.springframework.boot.web.servlet.context.ServletWebServerApplicationContext.refresh(ServletWebServerApplicationContext.java:146)
	at org.springframework.boot.SpringApplication.refresh(SpringApplication.java:754)
	at org.springframework.boot.SpringApplication.refreshContext(SpringApplication.java:456)
	at org.springframework.boot.SpringApplication.run(SpringApplication.java:334)
	at org.springframework.boot.SpringApplication.run(SpringApplication.java:1354)
	at org.springframework.boot.SpringApplication.run(SpringApplication.java:1343)
	at cn.bugstack.xfg.dev.tech.Application.main(Application.java:15)
26-01-06.23:54:50.379 [main            ] WARN  AnnotationConfigServletWebServerApplicationContext - Exception encountered during context initialization - cancelling refresh attempt: org.springframework.beans.factory.BeanCreationException: Error creating bean with name 'RAGController': Injection of resource dependencies failed
26-01-06.23:54:50.386 [main            ] INFO  StandardService        - Stopping service [Tomcat]
26-01-06.23:54:50.402 [main            ] INFO  ConditionEvaluationReportLogger - 

Error starting ApplicationContext. To display the condition evaluation report re-run your application with 'debug' enabled.
26-01-06.23:54:50.414 [main            ] ERROR SpringApplication      - Application run failed
org.springframework.beans.factory.BeanCreationException: Error creating bean with name 'RAGController': Injection of resource dependencies failed
	at org.springframework.context.annotation.CommonAnnotationBeanPostProcessor.postProcessProperties(CommonAnnotationBeanPostProcessor.java:369)
	at org.springframework.beans.factory.support.AbstractAutowireCapableBeanFactory.populateBean(AbstractAutowireCapableBeanFactory.java:1419)
	at org.springframework.beans.factory.support.AbstractAutowireCapableBeanFactory.doCreateBean(AbstractAutowireCapableBeanFactory.java:599)
	at org.springframework.beans.factory.support.AbstractAutowireCapableBeanFactory.createBean(AbstractAutowireCapableBeanFactory.java:522)
	at org.springframework.beans.factory.support.AbstractBeanFactory.lambda$doGetBean$0(AbstractBeanFactory.java:325)
	at org.springframework.beans.factory.support.DefaultSingletonBeanRegistry.getSingleton(DefaultSingletonBeanRegistry.java:234)
	at org.springframework.beans.factory.support.AbstractBeanFactory.doGetBean(AbstractBeanFactory.java:323)
	at org.springframework.beans.factory.support.AbstractBeanFactory.getBean(AbstractBeanFactory.java:199)
	at org.springframework.beans.factory.support.DefaultListableBeanFactory.preInstantiateSingletons(DefaultListableBeanFactory.java:975)
	at org.springframework.context.support.AbstractApplicationContext.finishBeanFactoryInitialization(AbstractApplicationContext.java:959)
	at org.springframework.context.support.AbstractApplicationContext.refresh(AbstractApplicationContext.java:624)
	at org.springframework.boot.web.servlet.context.ServletWebServerApplicationContext.refresh(ServletWebServerApplicationContext.java:146)
	at org.springframework.boot.SpringApplication.refresh(SpringApplication.java:754)
	at org.springframework.boot.SpringApplication.refreshContext(SpringApplication.java:456)
	at org.springframework.boot.SpringApplication.run(SpringApplication.java:334)
	at org.springframework.boot.SpringApplication.run(SpringApplication.java:1354)
	at org.springframework.boot.SpringApplication.run(SpringApplication.java:1343)
	at cn.bugstack.xfg.dev.tech.Application.main(Application.java:15)
Caused by: org.springframework.beans.factory.BeanCreationException: Error creating bean with name 'pgVectorStore' defined in class path resource [cn/bugstack/xfg/dev/tech/config/OllamaConfig.class]: Failed to obtain JDBC Connection
	at org.springframework.beans.factory.support.AbstractAutowireCapableBeanFactory.initializeBean(AbstractAutowireCapableBeanFactory.java:1786)
	at org.springframework.beans.factory.support.AbstractAutowireCapableBeanFactory.doCreateBean(AbstractAutowireCapableBeanFactory.java:600)
	at org.springframework.beans.factory.support.AbstractAutowireCapableBeanFactory.createBean(AbstractAutowireCapableBeanFactory.java:522)
	at org.springframework.beans.factory.support.AbstractBeanFactory.lambda$doGetBean$0(AbstractBeanFactory.java:325)
	at org.springframework.beans.factory.support.DefaultSingletonBeanRegistry.getSingleton(DefaultSingletonBeanRegistry.java:234)
	at org.springframework.beans.factory.support.AbstractBeanFactory.doGetBean(AbstractBeanFactory.java:323)
	at org.springframework.beans.factory.support.AbstractBeanFactory.getBean(AbstractBeanFactory.java:204)
	at org.springframework.beans.factory.support.AbstractAutowireCapableBeanFactory.resolveBeanByName(AbstractAutowireCapableBeanFactory.java:461)
	at org.springframework.context.annotation.CommonAnnotationBeanPostProcessor.autowireResource(CommonAnnotationBeanPostProcessor.java:603)
	at org.springframework.context.annotation.CommonAnnotationBeanPostProcessor.getResource(CommonAnnotationBeanPostProcessor.java:574)
	at org.springframework.context.annotation.CommonAnnotationBeanPostProcessor$ResourceElement.getResourceToInject(CommonAnnotationBeanPostProcessor.java:736)
	at org.springframework.beans.factory.annotation.InjectionMetadata$InjectedElement.inject(InjectionMetadata.java:270)
	at org.springframework.beans.factory.annotation.InjectionMetadata.inject(InjectionMetadata.java:145)
	at org.springframework.context.annotation.CommonAnnotationBeanPostProcessor.postProcessProperties(CommonAnnotationBeanPostProcessor.java:366)
	... 17 common frames omitted
Caused by: org.springframework.jdbc.CannotGetJdbcConnectionException: Failed to obtain JDBC Connection
	at org.springframework.jdbc.datasource.DataSourceUtils.getConnection(DataSourceUtils.java:84)
	at org.springframework.jdbc.core.JdbcTemplate.execute(JdbcTemplate.java:388)
	at org.springframework.jdbc.core.JdbcTemplate.execute(JdbcTemplate.java:444)
	at org.springframework.ai.vectorstore.PgVectorStore.afterPropertiesSet(PgVectorStore.java:335)
	at org.springframework.beans.factory.support.AbstractAutowireCapableBeanFactory.invokeInitMethods(AbstractAutowireCapableBeanFactory.java:1833)
	at org.springframework.beans.factory.support.AbstractAutowireCapableBeanFactory.initializeBean(AbstractAutowireCapableBeanFactory.java:1782)
	... 30 common frames omitted
Caused by: org.postgresql.util.PSQLException: FATAL: password authentication failed for user "postgres"
	at org.postgresql.core.v3.ConnectionFactoryImpl.doAuthentication(ConnectionFactoryImpl.java:693)
	at org.postgresql.core.v3.ConnectionFactoryImpl.tryConnect(ConnectionFactoryImpl.java:203)
	at org.postgresql.core.v3.ConnectionFactoryImpl.openConnectionImpl(ConnectionFactoryImpl.java:258)
	at org.postgresql.core.ConnectionFactory.openConnection(ConnectionFactory.java:54)
	at org.postgresql.jdbc.PgConnection.<init>(PgConnection.java:263)
	at org.postgresql.Driver.makeConnection(Driver.java:443)
	at org.postgresql.Driver.connect(Driver.java:297)
	at com.zaxxer.hikari.util.DriverDataSource.getConnection(DriverDataSource.java:138)
	at com.zaxxer.hikari.pool.PoolBase.newConnection(PoolBase.java:359)
	at com.zaxxer.hikari.pool.PoolBase.newPoolEntry(PoolBase.java:201)
	at com.zaxxer.hikari.pool.HikariPool.createPoolEntry(HikariPool.java:470)
	at com.zaxxer.hikari.pool.HikariPool.checkFailFast(HikariPool.java:561)
	at com.zaxxer.hikari.pool.HikariPool.<init>(HikariPool.java:100)
	at com.zaxxer.hikari.HikariDataSource.getConnection(HikariDataSource.java:112)
	at org.springframework.jdbc.datasource.DataSourceUtils.fetchConnection(DataSourceUtils.java:160)
	at org.springframework.jdbc.datasource.DataSourceUtils.doGetConnection(DataSourceUtils.java:118)
	at org.springframework.jdbc.datasource.DataSourceUtils.getConnection(DataSourceUtils.java:81)
	... 35 common frames omitted
