26-01-07.00:00:14.111 [main            ] INFO  Application            - Starting Application using Java 17.0.13 with PID 86636 (/Users/pipchief/KnowledgePlanet/ai-rag-knowledge/ai-rag-knowledge/xfg-dev-tech-app/target/classes started by pipchief in /Users/pipchief/KnowledgePlanet/ai-rag-knowledge/ai-rag-knowledge)
26-01-07.00:00:14.112 [main            ] INFO  Application            - The following 1 profile is active: "dev"
26-01-07.00:00:14.460 [main            ] INFO  RepositoryConfigurationDelegate - Multiple Spring Data modules found, entering strict repository configuration mode
26-01-07.00:00:14.462 [main            ] INFO  RepositoryConfigurationDelegate - Bootstrapping Spring Data Redis repositories in DEFAULT mode.
26-01-07.00:00:14.472 [main            ] INFO  RepositoryConfigurationDelegate - Finished Spring Data repository scanning in 4 ms. Found 0 Redis repository interfaces.
26-01-07.00:00:14.709 [main            ] INFO  TomcatWebServer        - Tomcat initialized with port 8090 (http)
26-01-07.00:00:14.713 [main            ] INFO  Http11NioProtocol      - Initializing ProtocolHandler ["http-nio-8090"]
26-01-07.00:00:14.714 [main            ] INFO  StandardService        - Starting service [Tomcat]
26-01-07.00:00:14.714 [main            ] INFO  StandardEngine         - Starting Servlet engine: [Apache Tomcat/10.1.19]
26-01-07.00:00:14.748 [main            ] INFO  [/]                    - Initializing Spring embedded WebApplicationContext
26-01-07.00:00:14.749 [main            ] INFO  ServletWebServerApplicationContext - Root WebApplicationContext: initialization completed in 545 ms
26-01-07.00:00:14.939 [main            ] INFO  HikariDataSource       - HikariCP - Starting...
26-01-07.00:00:16.131 [main            ] ERROR HikariPool             - HikariCP - Exception during pool initialization.
org.postgresql.util.PSQLException: FATAL: password authentication failed for user "postgres"
	at org.postgresql.core.v3.ConnectionFactoryImpl.doAuthentication(ConnectionFactoryImpl.java:693)
	at org.postgresql.core.v3.ConnectionFactoryImpl.tryConnect(ConnectionFactoryImpl.java:203)
	at org.postgresql.core.v3.ConnectionFactoryImpl.openConnectionImpl(ConnectionFactoryImpl.java:258)
	at org.postgresql.core.ConnectionFactory.openConnection(ConnectionFactory.java:54)
	at org.postgresql.jdbc.PgConnection.<init>(PgConnection.java:263)
	at org.postgresql.Driver.makeConnection(Driver.java:443)
	at org.postgresql.Driver.connect(Driver.java:297)
	at com.zaxxer.hikari.util.DriverDataSource.getConnection(DriverDataSource.java:138)
	at com.zaxxer.hikari.pool.PoolBase.newConnection(PoolBase.java:359)
	at com.zaxxer.hikari.pool.PoolBase.newPoolEntry(PoolBase.java:201)
	at com.zaxxer.hikari.pool.HikariPool.createPoolEntry(HikariPool.java:470)
	at com.zaxxer.hikari.pool.HikariPool.checkFailFast(HikariPool.java:561)
	at com.zaxxer.hikari.pool.HikariPool.<init>(HikariPool.java:100)
	at com.zaxxer.hikari.HikariDataSource.getConnection(HikariDataSource.java:112)
	at org.springframework.jdbc.datasource.DataSourceUtils.fetchConnection(DataSourceUtils.java:160)
	at org.springframework.jdbc.datasource.DataSourceUtils.doGetConnection(DataSourceUtils.java:118)
	at org.springframework.jdbc.datasource.DataSourceUtils.getConnection(DataSourceUtils.java:81)
	at org.springframework.jdbc.core.JdbcTemplate.execute(JdbcTemplate.java:388)
	at org.springframework.jdbc.core.JdbcTemplate.execute(JdbcTemplate.java:444)
	at org.springframework.ai.vectorstore.PgVectorStore.afterPropertiesSet(PgVectorStore.java:335)
	at org.springframework.beans.factory.support.AbstractAutowireCapableBeanFactory.invokeInitMethods(AbstractAutowireCapableBeanFactory.java:1833)
	at org.springframework.beans.factory.support.AbstractAutowireCapableBeanFactory.initializeBean(AbstractAutowireCapableBeanFactory.java:1782)
	at org.springframework.beans.factory.support.AbstractAutowireCapableBeanFactory.doCreateBean(AbstractAutowireCapableBeanFactory.java:600)
	at org.springframework.beans.factory.support.AbstractAutowireCapableBeanFactory.createBean(AbstractAutowireCapableBeanFactory.java:522)
	at org.springframework.beans.factory.support.AbstractBeanFactory.lambda$doGetBean$0(AbstractBeanFactory.java:325)
	at org.springframework.beans.factory.support.DefaultSingletonBeanRegistry.getSingleton(DefaultSingletonBeanRegistry.java:234)
	at org.springframework.beans.factory.support.AbstractBeanFactory.doGetBean(AbstractBeanFactory.java:323)
	at org.springframework.beans.factory.support.AbstractBeanFactory.getBean(AbstractBeanFactory.java:204)
	at org.springframework.beans.factory.support.AbstractAutowireCapableBeanFactory.resolveBeanByName(AbstractAutowireCapableBeanFactory.java:461)
	at org.springframework.context.annotation.CommonAnnotationBeanPostProcessor.autowireResource(CommonAnnotationBeanPostProcessor.java:603)
	at org.springframework.context.annotation.CommonAnnotationBeanPostProcessor.getResource(CommonAnnotationBeanPostProcessor.java:574)
	at org.springframework.context.annotation.CommonAnnotationBeanPostProcessor$ResourceElement.getResourceToInject(CommonAnnotationBeanPostProcessor.java:736)
	at org.springframework.beans.factory.annotation.InjectionMetadata$InjectedElement.inject(InjectionMetadata.java:270)
	at org.springframework.beans.factory.annotation.InjectionMetadata.inject(InjectionMetadata.java:145)
	at org.springframework.context.annotation.CommonAnnotationBeanPostProcessor.postProcessProperties(CommonAnnotationBeanPostProcessor.java:366)
	at org.springframework.beans.factory.support.AbstractAutowireCapableBeanFactory.populateBean(AbstractAutowireCapableBeanFactory.java:1419)
	at org.springframework.beans.factory.support.AbstractAutowireCapableBeanFactory.doCreateBean(AbstractAutowireCapableBeanFactory.java:599)
	at org.springframework.beans.factory.support.AbstractAutowireCapableBeanFactory.createBean(AbstractAutowireCapableBeanFactory.java:522)
	at org.springframework.beans.factory.support.AbstractBeanFactory.lambda$doGetBean$0(AbstractBeanFactory.java:325)
	at org.springframework.beans.factory.support.DefaultSingletonBeanRegistry.getSingleton(DefaultSingletonBeanRegistry.java:234)
	at org.springframework.beans.factory.support.AbstractBeanFactory.doGetBean(AbstractBeanFactory.java:323)
	at org.springframework.beans.factory.support.AbstractBeanFactory.getBean(AbstractBeanFactory.java:199)
	at org.springframework.beans.factory.support.DefaultListableBeanFactory.preInstantiateSingletons(DefaultListableBeanFactory.java:975)
	at org.springframework.context.support.AbstractApplicationContext.finishBeanFactoryInitialization(AbstractApplicationContext.java:959)
	at org.springframework.context.support.AbstractApplicationContext.refresh(AbstractApplicationContext.java:624)
	at org.springframework.boot.web.servlet.context.ServletWebServerApplicationContext.refresh(ServletWebServerApplicationContext.java:146)
	at org.springframework.boot.SpringApplication.refresh(SpringApplication.java:754)
	at org.springframework.boot.SpringApplication.refreshContext(SpringApplication.java:456)
	at org.springframework.boot.SpringApplication.run(SpringApplication.java:334)
	at org.springframework.boot.SpringApplication.run(SpringApplication.java:1354)
	at org.springframework.boot.SpringApplication.run(SpringApplication.java:1343)
	at cn.bugstack.xfg.dev.tech.Application.main(Application.java:15)
26-01-07.00:00:16.138 [main            ] WARN  AnnotationConfigServletWebServerApplicationContext - Exception encountered during context initialization - cancelling refresh attempt: org.springframework.beans.factory.BeanCreationException: Error creating bean with name 'RAGController': Injection of resource dependencies failed
26-01-07.00:00:16.143 [main            ] INFO  StandardService        - Stopping service [Tomcat]
26-01-07.00:00:16.157 [main            ] INFO  ConditionEvaluationReportLogger - 

Error starting ApplicationContext. To display the condition evaluation report re-run your application with 'debug' enabled.
26-01-07.00:00:16.168 [main            ] ERROR SpringApplication      - Application run failed
org.springframework.beans.factory.BeanCreationException: Error creating bean with name 'RAGController': Injection of resource dependencies failed
	at org.springframework.context.annotation.CommonAnnotationBeanPostProcessor.postProcessProperties(CommonAnnotationBeanPostProcessor.java:369)
	at org.springframework.beans.factory.support.AbstractAutowireCapableBeanFactory.populateBean(AbstractAutowireCapableBeanFactory.java:1419)
	at org.springframework.beans.factory.support.AbstractAutowireCapableBeanFactory.doCreateBean(AbstractAutowireCapableBeanFactory.java:599)
	at org.springframework.beans.factory.support.AbstractAutowireCapableBeanFactory.createBean(AbstractAutowireCapableBeanFactory.java:522)
	at org.springframework.beans.factory.support.AbstractBeanFactory.lambda$doGetBean$0(AbstractBeanFactory.java:325)
	at org.springframework.beans.factory.support.DefaultSingletonBeanRegistry.getSingleton(DefaultSingletonBeanRegistry.java:234)
	at org.springframework.beans.factory.support.AbstractBeanFactory.doGetBean(AbstractBeanFactory.java:323)
	at org.springframework.beans.factory.support.AbstractBeanFactory.getBean(AbstractBeanFactory.java:199)
	at org.springframework.beans.factory.support.DefaultListableBeanFactory.preInstantiateSingletons(DefaultListableBeanFactory.java:975)
	at org.springframework.context.support.AbstractApplicationContext.finishBeanFactoryInitialization(AbstractApplicationContext.java:959)
	at org.springframework.context.support.AbstractApplicationContext.refresh(AbstractApplicationContext.java:624)
	at org.springframework.boot.web.servlet.context.ServletWebServerApplicationContext.refresh(ServletWebServerApplicationContext.java:146)
	at org.springframework.boot.SpringApplication.refresh(SpringApplication.java:754)
	at org.springframework.boot.SpringApplication.refreshContext(SpringApplication.java:456)
	at org.springframework.boot.SpringApplication.run(SpringApplication.java:334)
	at org.springframework.boot.SpringApplication.run(SpringApplication.java:1354)
	at org.springframework.boot.SpringApplication.run(SpringApplication.java:1343)
	at cn.bugstack.xfg.dev.tech.Application.main(Application.java:15)
Caused by: org.springframework.beans.factory.BeanCreationException: Error creating bean with name 'pgVectorStore' defined in class path resource [cn/bugstack/xfg/dev/tech/config/OllamaConfig.class]: Failed to obtain JDBC Connection
	at org.springframework.beans.factory.support.AbstractAutowireCapableBeanFactory.initializeBean(AbstractAutowireCapableBeanFactory.java:1786)
	at org.springframework.beans.factory.support.AbstractAutowireCapableBeanFactory.doCreateBean(AbstractAutowireCapableBeanFactory.java:600)
	at org.springframework.beans.factory.support.AbstractAutowireCapableBeanFactory.createBean(AbstractAutowireCapableBeanFactory.java:522)
	at org.springframework.beans.factory.support.AbstractBeanFactory.lambda$doGetBean$0(AbstractBeanFactory.java:325)
	at org.springframework.beans.factory.support.DefaultSingletonBeanRegistry.getSingleton(DefaultSingletonBeanRegistry.java:234)
	at org.springframework.beans.factory.support.AbstractBeanFactory.doGetBean(AbstractBeanFactory.java:323)
	at org.springframework.beans.factory.support.AbstractBeanFactory.getBean(AbstractBeanFactory.java:204)
	at org.springframework.beans.factory.support.AbstractAutowireCapableBeanFactory.resolveBeanByName(AbstractAutowireCapableBeanFactory.java:461)
	at org.springframework.context.annotation.CommonAnnotationBeanPostProcessor.autowireResource(CommonAnnotationBeanPostProcessor.java:603)
	at org.springframework.context.annotation.CommonAnnotationBeanPostProcessor.getResource(CommonAnnotationBeanPostProcessor.java:574)
	at org.springframework.context.annotation.CommonAnnotationBeanPostProcessor$ResourceElement.getResourceToInject(CommonAnnotationBeanPostProcessor.java:736)
	at org.springframework.beans.factory.annotation.InjectionMetadata$InjectedElement.inject(InjectionMetadata.java:270)
	at org.springframework.beans.factory.annotation.InjectionMetadata.inject(InjectionMetadata.java:145)
	at org.springframework.context.annotation.CommonAnnotationBeanPostProcessor.postProcessProperties(CommonAnnotationBeanPostProcessor.java:366)
	... 17 common frames omitted
Caused by: org.springframework.jdbc.CannotGetJdbcConnectionException: Failed to obtain JDBC Connection
	at org.springframework.jdbc.datasource.DataSourceUtils.getConnection(DataSourceUtils.java:84)
	at org.springframework.jdbc.core.JdbcTemplate.execute(JdbcTemplate.java:388)
	at org.springframework.jdbc.core.JdbcTemplate.execute(JdbcTemplate.java:444)
	at org.springframework.ai.vectorstore.PgVectorStore.afterPropertiesSet(PgVectorStore.java:335)
	at org.springframework.beans.factory.support.AbstractAutowireCapableBeanFactory.invokeInitMethods(AbstractAutowireCapableBeanFactory.java:1833)
	at org.springframework.beans.factory.support.AbstractAutowireCapableBeanFactory.initializeBean(AbstractAutowireCapableBeanFactory.java:1782)
	... 30 common frames omitted
Caused by: org.postgresql.util.PSQLException: FATAL: password authentication failed for user "postgres"
	at org.postgresql.core.v3.ConnectionFactoryImpl.doAuthentication(ConnectionFactoryImpl.java:693)
	at org.postgresql.core.v3.ConnectionFactoryImpl.tryConnect(ConnectionFactoryImpl.java:203)
	at org.postgresql.core.v3.ConnectionFactoryImpl.openConnectionImpl(ConnectionFactoryImpl.java:258)
	at org.postgresql.core.ConnectionFactory.openConnection(ConnectionFactory.java:54)
	at org.postgresql.jdbc.PgConnection.<init>(PgConnection.java:263)
	at org.postgresql.Driver.makeConnection(Driver.java:443)
	at org.postgresql.Driver.connect(Driver.java:297)
	at com.zaxxer.hikari.util.DriverDataSource.getConnection(DriverDataSource.java:138)
	at com.zaxxer.hikari.pool.PoolBase.newConnection(PoolBase.java:359)
	at com.zaxxer.hikari.pool.PoolBase.newPoolEntry(PoolBase.java:201)
	at com.zaxxer.hikari.pool.HikariPool.createPoolEntry(HikariPool.java:470)
	at com.zaxxer.hikari.pool.HikariPool.checkFailFast(HikariPool.java:561)
	at com.zaxxer.hikari.pool.HikariPool.<init>(HikariPool.java:100)
	at com.zaxxer.hikari.HikariDataSource.getConnection(HikariDataSource.java:112)
	at org.springframework.jdbc.datasource.DataSourceUtils.fetchConnection(DataSourceUtils.java:160)
	at org.springframework.jdbc.datasource.DataSourceUtils.doGetConnection(DataSourceUtils.java:118)
	at org.springframework.jdbc.datasource.DataSourceUtils.getConnection(DataSourceUtils.java:81)
	... 35 common frames omitted
26-01-07.00:15:35.283 [main            ] INFO  Application            - Starting Application using Java 17.0.13 with PID 87439 (/Users/pipchief/KnowledgePlanet/ai-rag-knowledge/ai-rag-knowledge/xfg-dev-tech-app/target/classes started by pipchief in /Users/pipchief/KnowledgePlanet/ai-rag-knowledge/ai-rag-knowledge)
26-01-07.00:15:35.283 [main            ] INFO  Application            - The following 1 profile is active: "dev"
26-01-07.00:15:35.622 [main            ] INFO  RepositoryConfigurationDelegate - Multiple Spring Data modules found, entering strict repository configuration mode
26-01-07.00:15:35.626 [main            ] INFO  RepositoryConfigurationDelegate - Bootstrapping Spring Data Redis repositories in DEFAULT mode.
26-01-07.00:15:35.639 [main            ] INFO  RepositoryConfigurationDelegate - Finished Spring Data repository scanning in 5 ms. Found 0 Redis repository interfaces.
26-01-07.00:15:35.886 [main            ] INFO  TomcatWebServer        - Tomcat initialized with port 8090 (http)
26-01-07.00:15:35.890 [main            ] INFO  Http11NioProtocol      - Initializing ProtocolHandler ["http-nio-8090"]
26-01-07.00:15:35.890 [main            ] INFO  StandardService        - Starting service [Tomcat]
26-01-07.00:15:35.890 [main            ] INFO  StandardEngine         - Starting Servlet engine: [Apache Tomcat/10.1.19]
26-01-07.00:15:35.918 [main            ] INFO  [/]                    - Initializing Spring embedded WebApplicationContext
26-01-07.00:15:35.918 [main            ] INFO  ServletWebServerApplicationContext - Root WebApplicationContext: initialization completed in 546 ms
26-01-07.00:15:36.147 [main            ] INFO  HikariDataSource       - HikariCP - Starting...
26-01-07.00:15:36.505 [main            ] INFO  HikariPool             - HikariCP - Added connection org.postgresql.jdbc.PgConnection@669f1ae2
26-01-07.00:15:36.506 [main            ] INFO  HikariDataSource       - HikariCP - Start completed.
26-01-07.00:15:39.904 [main            ] INFO  Version                - Redisson 3.44.0
26-01-07.00:15:39.917 [main            ] WARN  DnsServerAddressStreamProviders - Can not find io.netty.resolver.dns.macos.MacOSDnsServerAddressStreamProvider in the classpath, fallback to system defaults. This may result in incorrect DNS resolutions on MacOS. Check whether you have a dependency on 'io.netty:netty-resolver-dns-native-macos'
26-01-07.00:15:40.029 [redisson-netty-1-4] INFO  ConnectionsHolder      - 1 connections initialized for 111.228.7.181/111.228.7.181:16379
26-01-07.00:15:40.289 [redisson-netty-1-13] INFO  ConnectionsHolder      - 5 connections initialized for 111.228.7.181/111.228.7.181:16379
26-01-07.00:15:40.590 [main            ] INFO  Http11NioProtocol      - Starting ProtocolHandler ["http-nio-8090"]
26-01-07.00:15:40.597 [main            ] INFO  TomcatWebServer        - Tomcat started on port 8090 (http) with context path ''
26-01-07.00:15:40.604 [main            ] INFO  Application            - Started Application in 5.514 seconds (process running for 5.854)
26-01-07.00:15:53.450 [SpringApplicationShutdownHook] INFO  HikariDataSource       - HikariCP - Shutdown initiated...
26-01-07.00:15:53.451 [SpringApplicationShutdownHook] INFO  HikariDataSource       - HikariCP - Shutdown completed.
26-01-07.00:19:30.400 [main            ] INFO  Application            - Starting Application using Java 17.0.13 with PID 87581 (/Users/pipchief/KnowledgePlanet/ai-rag-knowledge/ai-rag-knowledge/xfg-dev-tech-app/target/classes started by pipchief in /Users/pipchief/KnowledgePlanet/ai-rag-knowledge/ai-rag-knowledge)
26-01-07.00:19:30.401 [main            ] INFO  Application            - The following 1 profile is active: "dev"
26-01-07.00:19:30.726 [main            ] INFO  RepositoryConfigurationDelegate - Multiple Spring Data modules found, entering strict repository configuration mode
26-01-07.00:19:30.727 [main            ] INFO  RepositoryConfigurationDelegate - Bootstrapping Spring Data Redis repositories in DEFAULT mode.
26-01-07.00:19:30.737 [main            ] INFO  RepositoryConfigurationDelegate - Finished Spring Data repository scanning in 4 ms. Found 0 Redis repository interfaces.
26-01-07.00:19:30.975 [main            ] INFO  TomcatWebServer        - Tomcat initialized with port 8090 (http)
26-01-07.00:19:30.979 [main            ] INFO  Http11NioProtocol      - Initializing ProtocolHandler ["http-nio-8090"]
26-01-07.00:19:30.980 [main            ] INFO  StandardService        - Starting service [Tomcat]
26-01-07.00:19:30.980 [main            ] INFO  StandardEngine         - Starting Servlet engine: [Apache Tomcat/10.1.19]
26-01-07.00:19:31.008 [main            ] INFO  [/]                    - Initializing Spring embedded WebApplicationContext
26-01-07.00:19:31.008 [main            ] INFO  ServletWebServerApplicationContext - Root WebApplicationContext: initialization completed in 517 ms
26-01-07.00:19:31.194 [main            ] INFO  HikariDataSource       - HikariCP - Starting...
26-01-07.00:19:31.557 [main            ] INFO  HikariPool             - HikariCP - Added connection org.postgresql.jdbc.PgConnection@42cad542
26-01-07.00:19:31.561 [main            ] INFO  HikariDataSource       - HikariCP - Start completed.
26-01-07.00:19:32.097 [main            ] INFO  Version                - Redisson 3.44.0
26-01-07.00:19:32.111 [main            ] WARN  DnsServerAddressStreamProviders - Can not find io.netty.resolver.dns.macos.MacOSDnsServerAddressStreamProvider in the classpath, fallback to system defaults. This may result in incorrect DNS resolutions on MacOS. Check whether you have a dependency on 'io.netty:netty-resolver-dns-native-macos'
26-01-07.00:19:32.218 [redisson-netty-1-4] INFO  ConnectionsHolder      - 1 connections initialized for 111.228.7.181/111.228.7.181:16379
26-01-07.00:19:32.478 [redisson-netty-1-13] INFO  ConnectionsHolder      - 5 connections initialized for 111.228.7.181/111.228.7.181:16379
26-01-07.00:19:32.720 [main            ] INFO  Http11NioProtocol      - Starting ProtocolHandler ["http-nio-8090"]
26-01-07.00:19:32.723 [main            ] INFO  TomcatWebServer        - Tomcat started on port 8090 (http) with context path ''
26-01-07.00:19:32.727 [main            ] INFO  Application            - Started Application in 2.523 seconds (process running for 2.832)
26-01-07.00:19:45.119 [http-nio-8090-exec-1] INFO  [/]                    - Initializing Spring DispatcherServlet 'dispatcherServlet'
26-01-07.00:19:45.119 [http-nio-8090-exec-1] INFO  DispatcherServlet      - Initializing Servlet 'dispatcherServlet'
26-01-07.00:19:45.121 [http-nio-8090-exec-1] INFO  DispatcherServlet      - Completed initialization in 2 ms
26-01-07.00:23:06.250 [SpringApplicationShutdownHook] INFO  HikariDataSource       - HikariCP - Shutdown initiated...
26-01-07.00:23:06.252 [SpringApplicationShutdownHook] INFO  HikariDataSource       - HikariCP - Shutdown completed.
26-01-07.00:23:08.201 [main            ] INFO  Application            - Starting Application using Java 17.0.13 with PID 88017 (/Users/pipchief/KnowledgePlanet/ai-rag-knowledge/ai-rag-knowledge/xfg-dev-tech-app/target/classes started by pipchief in /Users/pipchief/KnowledgePlanet/ai-rag-knowledge/ai-rag-knowledge)
26-01-07.00:23:08.203 [main            ] INFO  Application            - The following 1 profile is active: "dev"
26-01-07.00:23:08.543 [main            ] INFO  RepositoryConfigurationDelegate - Multiple Spring Data modules found, entering strict repository configuration mode
26-01-07.00:23:08.544 [main            ] INFO  RepositoryConfigurationDelegate - Bootstrapping Spring Data Redis repositories in DEFAULT mode.
26-01-07.00:23:08.555 [main            ] INFO  RepositoryConfigurationDelegate - Finished Spring Data repository scanning in 4 ms. Found 0 Redis repository interfaces.
26-01-07.00:23:08.810 [main            ] INFO  TomcatWebServer        - Tomcat initialized with port 8090 (http)
26-01-07.00:23:08.814 [main            ] INFO  Http11NioProtocol      - Initializing ProtocolHandler ["http-nio-8090"]
26-01-07.00:23:08.815 [main            ] INFO  StandardService        - Starting service [Tomcat]
26-01-07.00:23:08.815 [main            ] INFO  StandardEngine         - Starting Servlet engine: [Apache Tomcat/10.1.19]
26-01-07.00:23:08.843 [main            ] INFO  [/]                    - Initializing Spring embedded WebApplicationContext
26-01-07.00:23:08.843 [main            ] INFO  ServletWebServerApplicationContext - Root WebApplicationContext: initialization completed in 545 ms
26-01-07.00:23:09.059 [main            ] INFO  HikariDataSource       - HikariCP - Starting...
26-01-07.00:23:10.264 [main            ] ERROR HikariPool             - HikariCP - Exception during pool initialization.
org.postgresql.util.PSQLException: FATAL: password authentication failed for user "postgres"
	at org.postgresql.core.v3.ConnectionFactoryImpl.doAuthentication(ConnectionFactoryImpl.java:693)
	at org.postgresql.core.v3.ConnectionFactoryImpl.tryConnect(ConnectionFactoryImpl.java:203)
	at org.postgresql.core.v3.ConnectionFactoryImpl.openConnectionImpl(ConnectionFactoryImpl.java:258)
	at org.postgresql.core.ConnectionFactory.openConnection(ConnectionFactory.java:54)
	at org.postgresql.jdbc.PgConnection.<init>(PgConnection.java:263)
	at org.postgresql.Driver.makeConnection(Driver.java:443)
	at org.postgresql.Driver.connect(Driver.java:297)
	at com.zaxxer.hikari.util.DriverDataSource.getConnection(DriverDataSource.java:138)
	at com.zaxxer.hikari.pool.PoolBase.newConnection(PoolBase.java:359)
	at com.zaxxer.hikari.pool.PoolBase.newPoolEntry(PoolBase.java:201)
	at com.zaxxer.hikari.pool.HikariPool.createPoolEntry(HikariPool.java:470)
	at com.zaxxer.hikari.pool.HikariPool.checkFailFast(HikariPool.java:561)
	at com.zaxxer.hikari.pool.HikariPool.<init>(HikariPool.java:100)
	at com.zaxxer.hikari.HikariDataSource.getConnection(HikariDataSource.java:112)
	at org.springframework.jdbc.datasource.DataSourceUtils.fetchConnection(DataSourceUtils.java:160)
	at org.springframework.jdbc.datasource.DataSourceUtils.doGetConnection(DataSourceUtils.java:118)
	at org.springframework.jdbc.datasource.DataSourceUtils.getConnection(DataSourceUtils.java:81)
	at org.springframework.jdbc.core.JdbcTemplate.execute(JdbcTemplate.java:388)
	at org.springframework.jdbc.core.JdbcTemplate.execute(JdbcTemplate.java:444)
	at org.springframework.ai.vectorstore.PgVectorStore.afterPropertiesSet(PgVectorStore.java:335)
	at org.springframework.beans.factory.support.AbstractAutowireCapableBeanFactory.invokeInitMethods(AbstractAutowireCapableBeanFactory.java:1833)
	at org.springframework.beans.factory.support.AbstractAutowireCapableBeanFactory.initializeBean(AbstractAutowireCapableBeanFactory.java:1782)
	at org.springframework.beans.factory.support.AbstractAutowireCapableBeanFactory.doCreateBean(AbstractAutowireCapableBeanFactory.java:600)
	at org.springframework.beans.factory.support.AbstractAutowireCapableBeanFactory.createBean(AbstractAutowireCapableBeanFactory.java:522)
	at org.springframework.beans.factory.support.AbstractBeanFactory.lambda$doGetBean$0(AbstractBeanFactory.java:325)
	at org.springframework.beans.factory.support.DefaultSingletonBeanRegistry.getSingleton(DefaultSingletonBeanRegistry.java:234)
	at org.springframework.beans.factory.support.AbstractBeanFactory.doGetBean(AbstractBeanFactory.java:323)
	at org.springframework.beans.factory.support.AbstractBeanFactory.getBean(AbstractBeanFactory.java:199)
	at org.springframework.beans.factory.support.DefaultListableBeanFactory.preInstantiateSingletons(DefaultListableBeanFactory.java:975)
	at org.springframework.context.support.AbstractApplicationContext.finishBeanFactoryInitialization(AbstractApplicationContext.java:959)
	at org.springframework.context.support.AbstractApplicationContext.refresh(AbstractApplicationContext.java:624)
	at org.springframework.boot.web.servlet.context.ServletWebServerApplicationContext.refresh(ServletWebServerApplicationContext.java:146)
	at org.springframework.boot.SpringApplication.refresh(SpringApplication.java:754)
	at org.springframework.boot.SpringApplication.refreshContext(SpringApplication.java:456)
	at org.springframework.boot.SpringApplication.run(SpringApplication.java:334)
	at org.springframework.boot.SpringApplication.run(SpringApplication.java:1354)
	at org.springframework.boot.SpringApplication.run(SpringApplication.java:1343)
	at cn.bugstack.xfg.dev.tech.Application.main(Application.java:17)
26-01-07.00:23:10.271 [main            ] WARN  AnnotationConfigServletWebServerApplicationContext - Exception encountered during context initialization - cancelling refresh attempt: org.springframework.beans.factory.BeanCreationException: Error creating bean with name 'pgVectorStore' defined in class path resource [cn/bugstack/xfg/dev/tech/config/OllamaConfig.class]: Failed to obtain JDBC Connection
26-01-07.00:23:10.276 [main            ] INFO  StandardService        - Stopping service [Tomcat]
26-01-07.00:23:10.293 [main            ] INFO  ConditionEvaluationReportLogger - 

Error starting ApplicationContext. To display the condition evaluation report re-run your application with 'debug' enabled.
26-01-07.00:23:10.305 [main            ] ERROR SpringApplication      - Application run failed
org.springframework.beans.factory.BeanCreationException: Error creating bean with name 'pgVectorStore' defined in class path resource [cn/bugstack/xfg/dev/tech/config/OllamaConfig.class]: Failed to obtain JDBC Connection
	at org.springframework.beans.factory.support.AbstractAutowireCapableBeanFactory.initializeBean(AbstractAutowireCapableBeanFactory.java:1786)
	at org.springframework.beans.factory.support.AbstractAutowireCapableBeanFactory.doCreateBean(AbstractAutowireCapableBeanFactory.java:600)
	at org.springframework.beans.factory.support.AbstractAutowireCapableBeanFactory.createBean(AbstractAutowireCapableBeanFactory.java:522)
	at org.springframework.beans.factory.support.AbstractBeanFactory.lambda$doGetBean$0(AbstractBeanFactory.java:325)
	at org.springframework.beans.factory.support.DefaultSingletonBeanRegistry.getSingleton(DefaultSingletonBeanRegistry.java:234)
	at org.springframework.beans.factory.support.AbstractBeanFactory.doGetBean(AbstractBeanFactory.java:323)
	at org.springframework.beans.factory.support.AbstractBeanFactory.getBean(AbstractBeanFactory.java:199)
	at org.springframework.beans.factory.support.DefaultListableBeanFactory.preInstantiateSingletons(DefaultListableBeanFactory.java:975)
	at org.springframework.context.support.AbstractApplicationContext.finishBeanFactoryInitialization(AbstractApplicationContext.java:959)
	at org.springframework.context.support.AbstractApplicationContext.refresh(AbstractApplicationContext.java:624)
	at org.springframework.boot.web.servlet.context.ServletWebServerApplicationContext.refresh(ServletWebServerApplicationContext.java:146)
	at org.springframework.boot.SpringApplication.refresh(SpringApplication.java:754)
	at org.springframework.boot.SpringApplication.refreshContext(SpringApplication.java:456)
	at org.springframework.boot.SpringApplication.run(SpringApplication.java:334)
	at org.springframework.boot.SpringApplication.run(SpringApplication.java:1354)
	at org.springframework.boot.SpringApplication.run(SpringApplication.java:1343)
	at cn.bugstack.xfg.dev.tech.Application.main(Application.java:17)
Caused by: org.springframework.jdbc.CannotGetJdbcConnectionException: Failed to obtain JDBC Connection
	at org.springframework.jdbc.datasource.DataSourceUtils.getConnection(DataSourceUtils.java:84)
	at org.springframework.jdbc.core.JdbcTemplate.execute(JdbcTemplate.java:388)
	at org.springframework.jdbc.core.JdbcTemplate.execute(JdbcTemplate.java:444)
	at org.springframework.ai.vectorstore.PgVectorStore.afterPropertiesSet(PgVectorStore.java:335)
	at org.springframework.beans.factory.support.AbstractAutowireCapableBeanFactory.invokeInitMethods(AbstractAutowireCapableBeanFactory.java:1833)
	at org.springframework.beans.factory.support.AbstractAutowireCapableBeanFactory.initializeBean(AbstractAutowireCapableBeanFactory.java:1782)
	... 16 common frames omitted
Caused by: org.postgresql.util.PSQLException: FATAL: password authentication failed for user "postgres"
	at org.postgresql.core.v3.ConnectionFactoryImpl.doAuthentication(ConnectionFactoryImpl.java:693)
	at org.postgresql.core.v3.ConnectionFactoryImpl.tryConnect(ConnectionFactoryImpl.java:203)
	at org.postgresql.core.v3.ConnectionFactoryImpl.openConnectionImpl(ConnectionFactoryImpl.java:258)
	at org.postgresql.core.ConnectionFactory.openConnection(ConnectionFactory.java:54)
	at org.postgresql.jdbc.PgConnection.<init>(PgConnection.java:263)
	at org.postgresql.Driver.makeConnection(Driver.java:443)
	at org.postgresql.Driver.connect(Driver.java:297)
	at com.zaxxer.hikari.util.DriverDataSource.getConnection(DriverDataSource.java:138)
	at com.zaxxer.hikari.pool.PoolBase.newConnection(PoolBase.java:359)
	at com.zaxxer.hikari.pool.PoolBase.newPoolEntry(PoolBase.java:201)
	at com.zaxxer.hikari.pool.HikariPool.createPoolEntry(HikariPool.java:470)
	at com.zaxxer.hikari.pool.HikariPool.checkFailFast(HikariPool.java:561)
	at com.zaxxer.hikari.pool.HikariPool.<init>(HikariPool.java:100)
	at com.zaxxer.hikari.HikariDataSource.getConnection(HikariDataSource.java:112)
	at org.springframework.jdbc.datasource.DataSourceUtils.fetchConnection(DataSourceUtils.java:160)
	at org.springframework.jdbc.datasource.DataSourceUtils.doGetConnection(DataSourceUtils.java:118)
	at org.springframework.jdbc.datasource.DataSourceUtils.getConnection(DataSourceUtils.java:81)
	... 21 common frames omitted
26-01-07.00:23:55.214 [main            ] INFO  Application            - Starting Application using Java 17.0.13 with PID 88094 (/Users/pipchief/KnowledgePlanet/ai-rag-knowledge/ai-rag-knowledge/xfg-dev-tech-app/target/classes started by pipchief in /Users/pipchief/KnowledgePlanet/ai-rag-knowledge/ai-rag-knowledge)
26-01-07.00:23:55.215 [main            ] INFO  Application            - The following 1 profile is active: "dev"
26-01-07.00:23:55.572 [main            ] INFO  RepositoryConfigurationDelegate - Multiple Spring Data modules found, entering strict repository configuration mode
26-01-07.00:23:55.573 [main            ] INFO  RepositoryConfigurationDelegate - Bootstrapping Spring Data Redis repositories in DEFAULT mode.
26-01-07.00:23:55.586 [main            ] INFO  RepositoryConfigurationDelegate - Finished Spring Data repository scanning in 5 ms. Found 0 Redis repository interfaces.
26-01-07.00:23:55.866 [main            ] INFO  TomcatWebServer        - Tomcat initialized with port 8090 (http)
26-01-07.00:23:55.873 [main            ] INFO  Http11NioProtocol      - Initializing ProtocolHandler ["http-nio-8090"]
26-01-07.00:23:55.873 [main            ] INFO  StandardService        - Starting service [Tomcat]
26-01-07.00:23:55.873 [main            ] INFO  StandardEngine         - Starting Servlet engine: [Apache Tomcat/10.1.19]
26-01-07.00:23:55.902 [main            ] INFO  [/]                    - Initializing Spring embedded WebApplicationContext
26-01-07.00:23:55.902 [main            ] INFO  ServletWebServerApplicationContext - Root WebApplicationContext: initialization completed in 591 ms
26-01-07.00:23:56.104 [main            ] INFO  HikariDataSource       - HikariCP - Starting...
26-01-07.00:23:57.314 [main            ] ERROR HikariPool             - HikariCP - Exception during pool initialization.
org.postgresql.util.PSQLException: FATAL: password authentication failed for user "postgres"
	at org.postgresql.core.v3.ConnectionFactoryImpl.doAuthentication(ConnectionFactoryImpl.java:693)
	at org.postgresql.core.v3.ConnectionFactoryImpl.tryConnect(ConnectionFactoryImpl.java:203)
	at org.postgresql.core.v3.ConnectionFactoryImpl.openConnectionImpl(ConnectionFactoryImpl.java:258)
	at org.postgresql.core.ConnectionFactory.openConnection(ConnectionFactory.java:54)
	at org.postgresql.jdbc.PgConnection.<init>(PgConnection.java:263)
	at org.postgresql.Driver.makeConnection(Driver.java:443)
	at org.postgresql.Driver.connect(Driver.java:297)
	at com.zaxxer.hikari.util.DriverDataSource.getConnection(DriverDataSource.java:138)
	at com.zaxxer.hikari.pool.PoolBase.newConnection(PoolBase.java:359)
	at com.zaxxer.hikari.pool.PoolBase.newPoolEntry(PoolBase.java:201)
	at com.zaxxer.hikari.pool.HikariPool.createPoolEntry(HikariPool.java:470)
	at com.zaxxer.hikari.pool.HikariPool.checkFailFast(HikariPool.java:561)
	at com.zaxxer.hikari.pool.HikariPool.<init>(HikariPool.java:100)
	at com.zaxxer.hikari.HikariDataSource.getConnection(HikariDataSource.java:112)
	at org.springframework.jdbc.datasource.DataSourceUtils.fetchConnection(DataSourceUtils.java:160)
	at org.springframework.jdbc.datasource.DataSourceUtils.doGetConnection(DataSourceUtils.java:118)
	at org.springframework.jdbc.datasource.DataSourceUtils.getConnection(DataSourceUtils.java:81)
	at org.springframework.jdbc.core.JdbcTemplate.execute(JdbcTemplate.java:388)
	at org.springframework.jdbc.core.JdbcTemplate.execute(JdbcTemplate.java:444)
	at org.springframework.ai.vectorstore.PgVectorStore.afterPropertiesSet(PgVectorStore.java:335)
	at org.springframework.beans.factory.support.AbstractAutowireCapableBeanFactory.invokeInitMethods(AbstractAutowireCapableBeanFactory.java:1833)
	at org.springframework.beans.factory.support.AbstractAutowireCapableBeanFactory.initializeBean(AbstractAutowireCapableBeanFactory.java:1782)
	at org.springframework.beans.factory.support.AbstractAutowireCapableBeanFactory.doCreateBean(AbstractAutowireCapableBeanFactory.java:600)
	at org.springframework.beans.factory.support.AbstractAutowireCapableBeanFactory.createBean(AbstractAutowireCapableBeanFactory.java:522)
	at org.springframework.beans.factory.support.AbstractBeanFactory.lambda$doGetBean$0(AbstractBeanFactory.java:325)
	at org.springframework.beans.factory.support.DefaultSingletonBeanRegistry.getSingleton(DefaultSingletonBeanRegistry.java:234)
	at org.springframework.beans.factory.support.AbstractBeanFactory.doGetBean(AbstractBeanFactory.java:323)
	at org.springframework.beans.factory.support.AbstractBeanFactory.getBean(AbstractBeanFactory.java:199)
	at org.springframework.beans.factory.support.DefaultListableBeanFactory.preInstantiateSingletons(DefaultListableBeanFactory.java:975)
	at org.springframework.context.support.AbstractApplicationContext.finishBeanFactoryInitialization(AbstractApplicationContext.java:959)
	at org.springframework.context.support.AbstractApplicationContext.refresh(AbstractApplicationContext.java:624)
	at org.springframework.boot.web.servlet.context.ServletWebServerApplicationContext.refresh(ServletWebServerApplicationContext.java:146)
	at org.springframework.boot.SpringApplication.refresh(SpringApplication.java:754)
	at org.springframework.boot.SpringApplication.refreshContext(SpringApplication.java:456)
	at org.springframework.boot.SpringApplication.run(SpringApplication.java:334)
	at org.springframework.boot.SpringApplication.run(SpringApplication.java:1354)
	at org.springframework.boot.SpringApplication.run(SpringApplication.java:1343)
	at cn.bugstack.xfg.dev.tech.Application.main(Application.java:17)
26-01-07.00:23:57.320 [main            ] WARN  AnnotationConfigServletWebServerApplicationContext - Exception encountered during context initialization - cancelling refresh attempt: org.springframework.beans.factory.BeanCreationException: Error creating bean with name 'pgVectorStore' defined in class path resource [cn/bugstack/xfg/dev/tech/config/OllamaConfig.class]: Failed to obtain JDBC Connection
26-01-07.00:23:57.326 [main            ] INFO  StandardService        - Stopping service [Tomcat]
26-01-07.00:23:57.340 [main            ] INFO  ConditionEvaluationReportLogger - 

Error starting ApplicationContext. To display the condition evaluation report re-run your application with 'debug' enabled.
26-01-07.00:23:57.350 [main            ] ERROR SpringApplication      - Application run failed
org.springframework.beans.factory.BeanCreationException: Error creating bean with name 'pgVectorStore' defined in class path resource [cn/bugstack/xfg/dev/tech/config/OllamaConfig.class]: Failed to obtain JDBC Connection
	at org.springframework.beans.factory.support.AbstractAutowireCapableBeanFactory.initializeBean(AbstractAutowireCapableBeanFactory.java:1786)
	at org.springframework.beans.factory.support.AbstractAutowireCapableBeanFactory.doCreateBean(AbstractAutowireCapableBeanFactory.java:600)
	at org.springframework.beans.factory.support.AbstractAutowireCapableBeanFactory.createBean(AbstractAutowireCapableBeanFactory.java:522)
	at org.springframework.beans.factory.support.AbstractBeanFactory.lambda$doGetBean$0(AbstractBeanFactory.java:325)
	at org.springframework.beans.factory.support.DefaultSingletonBeanRegistry.getSingleton(DefaultSingletonBeanRegistry.java:234)
	at org.springframework.beans.factory.support.AbstractBeanFactory.doGetBean(AbstractBeanFactory.java:323)
	at org.springframework.beans.factory.support.AbstractBeanFactory.getBean(AbstractBeanFactory.java:199)
	at org.springframework.beans.factory.support.DefaultListableBeanFactory.preInstantiateSingletons(DefaultListableBeanFactory.java:975)
	at org.springframework.context.support.AbstractApplicationContext.finishBeanFactoryInitialization(AbstractApplicationContext.java:959)
	at org.springframework.context.support.AbstractApplicationContext.refresh(AbstractApplicationContext.java:624)
	at org.springframework.boot.web.servlet.context.ServletWebServerApplicationContext.refresh(ServletWebServerApplicationContext.java:146)
	at org.springframework.boot.SpringApplication.refresh(SpringApplication.java:754)
	at org.springframework.boot.SpringApplication.refreshContext(SpringApplication.java:456)
	at org.springframework.boot.SpringApplication.run(SpringApplication.java:334)
	at org.springframework.boot.SpringApplication.run(SpringApplication.java:1354)
	at org.springframework.boot.SpringApplication.run(SpringApplication.java:1343)
	at cn.bugstack.xfg.dev.tech.Application.main(Application.java:17)
Caused by: org.springframework.jdbc.CannotGetJdbcConnectionException: Failed to obtain JDBC Connection
	at org.springframework.jdbc.datasource.DataSourceUtils.getConnection(DataSourceUtils.java:84)
	at org.springframework.jdbc.core.JdbcTemplate.execute(JdbcTemplate.java:388)
	at org.springframework.jdbc.core.JdbcTemplate.execute(JdbcTemplate.java:444)
	at org.springframework.ai.vectorstore.PgVectorStore.afterPropertiesSet(PgVectorStore.java:335)
	at org.springframework.beans.factory.support.AbstractAutowireCapableBeanFactory.invokeInitMethods(AbstractAutowireCapableBeanFactory.java:1833)
	at org.springframework.beans.factory.support.AbstractAutowireCapableBeanFactory.initializeBean(AbstractAutowireCapableBeanFactory.java:1782)
	... 16 common frames omitted
Caused by: org.postgresql.util.PSQLException: FATAL: password authentication failed for user "postgres"
	at org.postgresql.core.v3.ConnectionFactoryImpl.doAuthentication(ConnectionFactoryImpl.java:693)
	at org.postgresql.core.v3.ConnectionFactoryImpl.tryConnect(ConnectionFactoryImpl.java:203)
	at org.postgresql.core.v3.ConnectionFactoryImpl.openConnectionImpl(ConnectionFactoryImpl.java:258)
	at org.postgresql.core.ConnectionFactory.openConnection(ConnectionFactory.java:54)
	at org.postgresql.jdbc.PgConnection.<init>(PgConnection.java:263)
	at org.postgresql.Driver.makeConnection(Driver.java:443)
	at org.postgresql.Driver.connect(Driver.java:297)
	at com.zaxxer.hikari.util.DriverDataSource.getConnection(DriverDataSource.java:138)
	at com.zaxxer.hikari.pool.PoolBase.newConnection(PoolBase.java:359)
	at com.zaxxer.hikari.pool.PoolBase.newPoolEntry(PoolBase.java:201)
	at com.zaxxer.hikari.pool.HikariPool.createPoolEntry(HikariPool.java:470)
	at com.zaxxer.hikari.pool.HikariPool.checkFailFast(HikariPool.java:561)
	at com.zaxxer.hikari.pool.HikariPool.<init>(HikariPool.java:100)
	at com.zaxxer.hikari.HikariDataSource.getConnection(HikariDataSource.java:112)
	at org.springframework.jdbc.datasource.DataSourceUtils.fetchConnection(DataSourceUtils.java:160)
	at org.springframework.jdbc.datasource.DataSourceUtils.doGetConnection(DataSourceUtils.java:118)
	at org.springframework.jdbc.datasource.DataSourceUtils.getConnection(DataSourceUtils.java:81)
	... 21 common frames omitted
26-01-07.00:29:54.627 [main            ] INFO  Application            - Starting Application using Java 17.0.13 with PID 88252 (/Users/pipchief/KnowledgePlanet/ai-rag-knowledge/ai-rag-knowledge/xfg-dev-tech-app/target/classes started by pipchief in /Users/pipchief/KnowledgePlanet/ai-rag-knowledge/ai-rag-knowledge)
26-01-07.00:29:54.628 [main            ] INFO  Application            - The following 1 profile is active: "dev"
26-01-07.00:29:54.951 [main            ] INFO  RepositoryConfigurationDelegate - Multiple Spring Data modules found, entering strict repository configuration mode
26-01-07.00:29:54.952 [main            ] INFO  RepositoryConfigurationDelegate - Bootstrapping Spring Data Redis repositories in DEFAULT mode.
26-01-07.00:29:54.962 [main            ] INFO  RepositoryConfigurationDelegate - Finished Spring Data repository scanning in 4 ms. Found 0 Redis repository interfaces.
26-01-07.00:29:55.201 [main            ] INFO  TomcatWebServer        - Tomcat initialized with port 8090 (http)
26-01-07.00:29:55.205 [main            ] INFO  Http11NioProtocol      - Initializing ProtocolHandler ["http-nio-8090"]
26-01-07.00:29:55.206 [main            ] INFO  StandardService        - Starting service [Tomcat]
26-01-07.00:29:55.206 [main            ] INFO  StandardEngine         - Starting Servlet engine: [Apache Tomcat/10.1.19]
26-01-07.00:29:55.234 [main            ] INFO  [/]                    - Initializing Spring embedded WebApplicationContext
26-01-07.00:29:55.234 [main            ] INFO  ServletWebServerApplicationContext - Root WebApplicationContext: initialization completed in 515 ms
26-01-07.00:29:55.423 [main            ] INFO  HikariDataSource       - HikariCP - Starting...
26-01-07.00:29:55.758 [main            ] INFO  HikariPool             - HikariCP - Added connection org.postgresql.jdbc.PgConnection@22901ccd
26-01-07.00:29:55.759 [main            ] INFO  HikariDataSource       - HikariCP - Start completed.
26-01-07.00:29:56.052 [main            ] WARN  OllamaApi              - [500] Internal Server Error - {"error":"model requires more system memory (352.9 MiB) than is available (163.5 MiB)"}
26-01-07.00:29:56.052 [main            ] WARN  PgVectorStore          - Failed to obtain the embedding dimensions from the embedding client and fall backs to default:1536
java.lang.RuntimeException: [500] Internal Server Error - {"error":"model requires more system memory (352.9 MiB) than is available (163.5 MiB)"}
	at org.springframework.ai.ollama.api.OllamaApi$OllamaResponseErrorHandler.handleError(OllamaApi.java:78)
	at org.springframework.web.client.ResponseErrorHandler.handleError(ResponseErrorHandler.java:63)
	at org.springframework.web.client.StatusHandler.lambda$fromErrorHandler$1(StatusHandler.java:71)
	at org.springframework.web.client.StatusHandler.handle(StatusHandler.java:146)
	at org.springframework.web.client.DefaultRestClient$DefaultResponseSpec.applyStatusHandlers(DefaultRestClient.java:680)
	at org.springframework.web.client.DefaultRestClient.readWithMessageConverters(DefaultRestClient.java:200)
	at org.springframework.web.client.DefaultRestClient$DefaultResponseSpec.readBody(DefaultRestClient.java:667)
	at org.springframework.web.client.DefaultRestClient$DefaultResponseSpec.body(DefaultRestClient.java:613)
	at org.springframework.ai.ollama.api.OllamaApi.embeddings(OllamaApi.java:595)
	at org.springframework.ai.ollama.OllamaEmbeddingClient.call(OllamaEmbeddingClient.java:101)
	at org.springframework.ai.embedding.EmbeddingClient.embed(EmbeddingClient.java:56)
	at org.springframework.ai.embedding.EmbeddingClient.embed(EmbeddingClient.java:39)
	at org.springframework.ai.embedding.AbstractEmbeddingClient.dimensions(AbstractEmbeddingClient.java:56)
	at org.springframework.ai.embedding.AbstractEmbeddingClient.dimensions(AbstractEmbeddingClient.java:78)
	at org.springframework.ai.vectorstore.PgVectorStore.embeddingDimensions(PgVectorStore.java:367)
	at org.springframework.ai.vectorstore.PgVectorStore.afterPropertiesSet(PgVectorStore.java:351)
	at org.springframework.beans.factory.support.AbstractAutowireCapableBeanFactory.invokeInitMethods(AbstractAutowireCapableBeanFactory.java:1833)
	at org.springframework.beans.factory.support.AbstractAutowireCapableBeanFactory.initializeBean(AbstractAutowireCapableBeanFactory.java:1782)
	at org.springframework.beans.factory.support.AbstractAutowireCapableBeanFactory.doCreateBean(AbstractAutowireCapableBeanFactory.java:600)
	at org.springframework.beans.factory.support.AbstractAutowireCapableBeanFactory.createBean(AbstractAutowireCapableBeanFactory.java:522)
	at org.springframework.beans.factory.support.AbstractBeanFactory.lambda$doGetBean$0(AbstractBeanFactory.java:325)
	at org.springframework.beans.factory.support.DefaultSingletonBeanRegistry.getSingleton(DefaultSingletonBeanRegistry.java:234)
	at org.springframework.beans.factory.support.AbstractBeanFactory.doGetBean(AbstractBeanFactory.java:323)
	at org.springframework.beans.factory.support.AbstractBeanFactory.getBean(AbstractBeanFactory.java:199)
	at org.springframework.beans.factory.support.DefaultListableBeanFactory.preInstantiateSingletons(DefaultListableBeanFactory.java:975)
	at org.springframework.context.support.AbstractApplicationContext.finishBeanFactoryInitialization(AbstractApplicationContext.java:959)
	at org.springframework.context.support.AbstractApplicationContext.refresh(AbstractApplicationContext.java:624)
	at org.springframework.boot.web.servlet.context.ServletWebServerApplicationContext.refresh(ServletWebServerApplicationContext.java:146)
	at org.springframework.boot.SpringApplication.refresh(SpringApplication.java:754)
	at org.springframework.boot.SpringApplication.refreshContext(SpringApplication.java:456)
	at org.springframework.boot.SpringApplication.run(SpringApplication.java:334)
	at org.springframework.boot.SpringApplication.run(SpringApplication.java:1354)
	at org.springframework.boot.SpringApplication.run(SpringApplication.java:1343)
	at cn.bugstack.xfg.dev.tech.Application.main(Application.java:17)
26-01-07.00:29:56.241 [main            ] INFO  Version                - Redisson 3.44.0
26-01-07.00:29:56.255 [main            ] WARN  DnsServerAddressStreamProviders - Can not find io.netty.resolver.dns.macos.MacOSDnsServerAddressStreamProvider in the classpath, fallback to system defaults. This may result in incorrect DNS resolutions on MacOS. Check whether you have a dependency on 'io.netty:netty-resolver-dns-native-macos'
26-01-07.00:29:56.389 [redisson-netty-1-5] INFO  ConnectionsHolder      - 1 connections initialized for 111.228.7.181/111.228.7.181:16379
26-01-07.00:29:56.634 [redisson-netty-1-13] INFO  ConnectionsHolder      - 5 connections initialized for 111.228.7.181/111.228.7.181:16379
26-01-07.00:29:56.861 [main            ] INFO  Http11NioProtocol      - Starting ProtocolHandler ["http-nio-8090"]
26-01-07.00:29:56.864 [main            ] INFO  TomcatWebServer        - Tomcat started on port 8090 (http) with context path ''
26-01-07.00:29:56.868 [main            ] INFO  Application            - Started Application in 2.432 seconds (process running for 2.724)
26-01-07.00:30:18.210 [http-nio-8090-exec-1] INFO  [/]                    - Initializing Spring DispatcherServlet 'dispatcherServlet'
26-01-07.00:30:18.210 [http-nio-8090-exec-1] INFO  DispatcherServlet      - Initializing Servlet 'dispatcherServlet'
26-01-07.00:30:18.211 [http-nio-8090-exec-1] INFO  DispatcherServlet      - Completed initialization in 1 ms
26-01-07.00:34:47.674 [SpringApplicationShutdownHook] INFO  HikariDataSource       - HikariCP - Shutdown initiated...
26-01-07.00:34:47.676 [SpringApplicationShutdownHook] INFO  HikariDataSource       - HikariCP - Shutdown completed.
26-01-07.00:34:49.839 [main            ] INFO  Application            - Starting Application using Java 17.0.13 with PID 88621 (/Users/pipchief/KnowledgePlanet/ai-rag-knowledge/ai-rag-knowledge/xfg-dev-tech-app/target/classes started by pipchief in /Users/pipchief/KnowledgePlanet/ai-rag-knowledge/ai-rag-knowledge)
26-01-07.00:34:49.840 [main            ] INFO  Application            - The following 1 profile is active: "dev"
26-01-07.00:34:50.148 [main            ] INFO  RepositoryConfigurationDelegate - Multiple Spring Data modules found, entering strict repository configuration mode
26-01-07.00:34:50.150 [main            ] INFO  RepositoryConfigurationDelegate - Bootstrapping Spring Data Redis repositories in DEFAULT mode.
26-01-07.00:34:50.160 [main            ] INFO  RepositoryConfigurationDelegate - Finished Spring Data repository scanning in 4 ms. Found 0 Redis repository interfaces.
26-01-07.00:34:50.401 [main            ] INFO  TomcatWebServer        - Tomcat initialized with port 8090 (http)
26-01-07.00:34:50.406 [main            ] INFO  Http11NioProtocol      - Initializing ProtocolHandler ["http-nio-8090"]
26-01-07.00:34:50.406 [main            ] INFO  StandardService        - Starting service [Tomcat]
26-01-07.00:34:50.406 [main            ] INFO  StandardEngine         - Starting Servlet engine: [Apache Tomcat/10.1.19]
26-01-07.00:34:50.432 [main            ] INFO  [/]                    - Initializing Spring embedded WebApplicationContext
26-01-07.00:34:50.432 [main            ] INFO  ServletWebServerApplicationContext - Root WebApplicationContext: initialization completed in 511 ms
26-01-07.00:34:50.605 [main            ] INFO  HikariDataSource       - HikariCP - Starting...
26-01-07.00:34:51.797 [main            ] ERROR HikariPool             - HikariCP - Exception during pool initialization.
org.postgresql.util.PSQLException: FATAL: password authentication failed for user "postgres"
	at org.postgresql.core.v3.ConnectionFactoryImpl.doAuthentication(ConnectionFactoryImpl.java:693)
	at org.postgresql.core.v3.ConnectionFactoryImpl.tryConnect(ConnectionFactoryImpl.java:203)
	at org.postgresql.core.v3.ConnectionFactoryImpl.openConnectionImpl(ConnectionFactoryImpl.java:258)
	at org.postgresql.core.ConnectionFactory.openConnection(ConnectionFactory.java:54)
	at org.postgresql.jdbc.PgConnection.<init>(PgConnection.java:263)
	at org.postgresql.Driver.makeConnection(Driver.java:443)
	at org.postgresql.Driver.connect(Driver.java:297)
	at com.zaxxer.hikari.util.DriverDataSource.getConnection(DriverDataSource.java:138)
	at com.zaxxer.hikari.pool.PoolBase.newConnection(PoolBase.java:359)
	at com.zaxxer.hikari.pool.PoolBase.newPoolEntry(PoolBase.java:201)
	at com.zaxxer.hikari.pool.HikariPool.createPoolEntry(HikariPool.java:470)
	at com.zaxxer.hikari.pool.HikariPool.checkFailFast(HikariPool.java:561)
	at com.zaxxer.hikari.pool.HikariPool.<init>(HikariPool.java:100)
	at com.zaxxer.hikari.HikariDataSource.getConnection(HikariDataSource.java:112)
	at org.springframework.jdbc.datasource.DataSourceUtils.fetchConnection(DataSourceUtils.java:160)
	at org.springframework.jdbc.datasource.DataSourceUtils.doGetConnection(DataSourceUtils.java:118)
	at org.springframework.jdbc.datasource.DataSourceUtils.getConnection(DataSourceUtils.java:81)
	at org.springframework.jdbc.core.JdbcTemplate.execute(JdbcTemplate.java:388)
	at org.springframework.jdbc.core.JdbcTemplate.execute(JdbcTemplate.java:444)
	at org.springframework.ai.vectorstore.PgVectorStore.afterPropertiesSet(PgVectorStore.java:335)
	at org.springframework.beans.factory.support.AbstractAutowireCapableBeanFactory.invokeInitMethods(AbstractAutowireCapableBeanFactory.java:1833)
	at org.springframework.beans.factory.support.AbstractAutowireCapableBeanFactory.initializeBean(AbstractAutowireCapableBeanFactory.java:1782)
	at org.springframework.beans.factory.support.AbstractAutowireCapableBeanFactory.doCreateBean(AbstractAutowireCapableBeanFactory.java:600)
	at org.springframework.beans.factory.support.AbstractAutowireCapableBeanFactory.createBean(AbstractAutowireCapableBeanFactory.java:522)
	at org.springframework.beans.factory.support.AbstractBeanFactory.lambda$doGetBean$0(AbstractBeanFactory.java:325)
	at org.springframework.beans.factory.support.DefaultSingletonBeanRegistry.getSingleton(DefaultSingletonBeanRegistry.java:234)
	at org.springframework.beans.factory.support.AbstractBeanFactory.doGetBean(AbstractBeanFactory.java:323)
	at org.springframework.beans.factory.support.AbstractBeanFactory.getBean(AbstractBeanFactory.java:204)
	at org.springframework.beans.factory.support.AbstractAutowireCapableBeanFactory.resolveBeanByName(AbstractAutowireCapableBeanFactory.java:461)
	at org.springframework.context.annotation.CommonAnnotationBeanPostProcessor.autowireResource(CommonAnnotationBeanPostProcessor.java:603)
	at org.springframework.context.annotation.CommonAnnotationBeanPostProcessor.getResource(CommonAnnotationBeanPostProcessor.java:574)
	at org.springframework.context.annotation.CommonAnnotationBeanPostProcessor$ResourceElement.getResourceToInject(CommonAnnotationBeanPostProcessor.java:736)
	at org.springframework.beans.factory.annotation.InjectionMetadata$InjectedElement.inject(InjectionMetadata.java:270)
	at org.springframework.beans.factory.annotation.InjectionMetadata.inject(InjectionMetadata.java:145)
	at org.springframework.context.annotation.CommonAnnotationBeanPostProcessor.postProcessProperties(CommonAnnotationBeanPostProcessor.java:366)
	at org.springframework.beans.factory.support.AbstractAutowireCapableBeanFactory.populateBean(AbstractAutowireCapableBeanFactory.java:1419)
	at org.springframework.beans.factory.support.AbstractAutowireCapableBeanFactory.doCreateBean(AbstractAutowireCapableBeanFactory.java:599)
	at org.springframework.beans.factory.support.AbstractAutowireCapableBeanFactory.createBean(AbstractAutowireCapableBeanFactory.java:522)
	at org.springframework.beans.factory.support.AbstractBeanFactory.lambda$doGetBean$0(AbstractBeanFactory.java:325)
	at org.springframework.beans.factory.support.DefaultSingletonBeanRegistry.getSingleton(DefaultSingletonBeanRegistry.java:234)
	at org.springframework.beans.factory.support.AbstractBeanFactory.doGetBean(AbstractBeanFactory.java:323)
	at org.springframework.beans.factory.support.AbstractBeanFactory.getBean(AbstractBeanFactory.java:199)
	at org.springframework.beans.factory.support.DefaultListableBeanFactory.preInstantiateSingletons(DefaultListableBeanFactory.java:975)
	at org.springframework.context.support.AbstractApplicationContext.finishBeanFactoryInitialization(AbstractApplicationContext.java:959)
	at org.springframework.context.support.AbstractApplicationContext.refresh(AbstractApplicationContext.java:624)
	at org.springframework.boot.web.servlet.context.ServletWebServerApplicationContext.refresh(ServletWebServerApplicationContext.java:146)
	at org.springframework.boot.SpringApplication.refresh(SpringApplication.java:754)
	at org.springframework.boot.SpringApplication.refreshContext(SpringApplication.java:456)
	at org.springframework.boot.SpringApplication.run(SpringApplication.java:334)
	at org.springframework.boot.SpringApplication.run(SpringApplication.java:1354)
	at org.springframework.boot.SpringApplication.run(SpringApplication.java:1343)
	at cn.bugstack.xfg.dev.tech.Application.main(Application.java:17)
26-01-07.00:34:51.802 [main            ] WARN  AnnotationConfigServletWebServerApplicationContext - Exception encountered during context initialization - cancelling refresh attempt: org.springframework.beans.factory.BeanCreationException: Error creating bean with name 'RAGController': Injection of resource dependencies failed
26-01-07.00:34:51.806 [main            ] INFO  StandardService        - Stopping service [Tomcat]
26-01-07.00:34:51.821 [main            ] INFO  ConditionEvaluationReportLogger - 

Error starting ApplicationContext. To display the condition evaluation report re-run your application with 'debug' enabled.
26-01-07.00:34:51.840 [main            ] ERROR SpringApplication      - Application run failed
org.springframework.beans.factory.BeanCreationException: Error creating bean with name 'RAGController': Injection of resource dependencies failed
	at org.springframework.context.annotation.CommonAnnotationBeanPostProcessor.postProcessProperties(CommonAnnotationBeanPostProcessor.java:369)
	at org.springframework.beans.factory.support.AbstractAutowireCapableBeanFactory.populateBean(AbstractAutowireCapableBeanFactory.java:1419)
	at org.springframework.beans.factory.support.AbstractAutowireCapableBeanFactory.doCreateBean(AbstractAutowireCapableBeanFactory.java:599)
	at org.springframework.beans.factory.support.AbstractAutowireCapableBeanFactory.createBean(AbstractAutowireCapableBeanFactory.java:522)
	at org.springframework.beans.factory.support.AbstractBeanFactory.lambda$doGetBean$0(AbstractBeanFactory.java:325)
	at org.springframework.beans.factory.support.DefaultSingletonBeanRegistry.getSingleton(DefaultSingletonBeanRegistry.java:234)
	at org.springframework.beans.factory.support.AbstractBeanFactory.doGetBean(AbstractBeanFactory.java:323)
	at org.springframework.beans.factory.support.AbstractBeanFactory.getBean(AbstractBeanFactory.java:199)
	at org.springframework.beans.factory.support.DefaultListableBeanFactory.preInstantiateSingletons(DefaultListableBeanFactory.java:975)
	at org.springframework.context.support.AbstractApplicationContext.finishBeanFactoryInitialization(AbstractApplicationContext.java:959)
	at org.springframework.context.support.AbstractApplicationContext.refresh(AbstractApplicationContext.java:624)
	at org.springframework.boot.web.servlet.context.ServletWebServerApplicationContext.refresh(ServletWebServerApplicationContext.java:146)
	at org.springframework.boot.SpringApplication.refresh(SpringApplication.java:754)
	at org.springframework.boot.SpringApplication.refreshContext(SpringApplication.java:456)
	at org.springframework.boot.SpringApplication.run(SpringApplication.java:334)
	at org.springframework.boot.SpringApplication.run(SpringApplication.java:1354)
	at org.springframework.boot.SpringApplication.run(SpringApplication.java:1343)
	at cn.bugstack.xfg.dev.tech.Application.main(Application.java:17)
Caused by: org.springframework.beans.factory.BeanCreationException: Error creating bean with name 'pgVectorStore' defined in class path resource [cn/bugstack/xfg/dev/tech/config/OllamaConfig.class]: Failed to obtain JDBC Connection
	at org.springframework.beans.factory.support.AbstractAutowireCapableBeanFactory.initializeBean(AbstractAutowireCapableBeanFactory.java:1786)
	at org.springframework.beans.factory.support.AbstractAutowireCapableBeanFactory.doCreateBean(AbstractAutowireCapableBeanFactory.java:600)
	at org.springframework.beans.factory.support.AbstractAutowireCapableBeanFactory.createBean(AbstractAutowireCapableBeanFactory.java:522)
	at org.springframework.beans.factory.support.AbstractBeanFactory.lambda$doGetBean$0(AbstractBeanFactory.java:325)
	at org.springframework.beans.factory.support.DefaultSingletonBeanRegistry.getSingleton(DefaultSingletonBeanRegistry.java:234)
	at org.springframework.beans.factory.support.AbstractBeanFactory.doGetBean(AbstractBeanFactory.java:323)
	at org.springframework.beans.factory.support.AbstractBeanFactory.getBean(AbstractBeanFactory.java:204)
	at org.springframework.beans.factory.support.AbstractAutowireCapableBeanFactory.resolveBeanByName(AbstractAutowireCapableBeanFactory.java:461)
	at org.springframework.context.annotation.CommonAnnotationBeanPostProcessor.autowireResource(CommonAnnotationBeanPostProcessor.java:603)
	at org.springframework.context.annotation.CommonAnnotationBeanPostProcessor.getResource(CommonAnnotationBeanPostProcessor.java:574)
	at org.springframework.context.annotation.CommonAnnotationBeanPostProcessor$ResourceElement.getResourceToInject(CommonAnnotationBeanPostProcessor.java:736)
	at org.springframework.beans.factory.annotation.InjectionMetadata$InjectedElement.inject(InjectionMetadata.java:270)
	at org.springframework.beans.factory.annotation.InjectionMetadata.inject(InjectionMetadata.java:145)
	at org.springframework.context.annotation.CommonAnnotationBeanPostProcessor.postProcessProperties(CommonAnnotationBeanPostProcessor.java:366)
	... 17 common frames omitted
Caused by: org.springframework.jdbc.CannotGetJdbcConnectionException: Failed to obtain JDBC Connection
	at org.springframework.jdbc.datasource.DataSourceUtils.getConnection(DataSourceUtils.java:84)
	at org.springframework.jdbc.core.JdbcTemplate.execute(JdbcTemplate.java:388)
	at org.springframework.jdbc.core.JdbcTemplate.execute(JdbcTemplate.java:444)
	at org.springframework.ai.vectorstore.PgVectorStore.afterPropertiesSet(PgVectorStore.java:335)
	at org.springframework.beans.factory.support.AbstractAutowireCapableBeanFactory.invokeInitMethods(AbstractAutowireCapableBeanFactory.java:1833)
	at org.springframework.beans.factory.support.AbstractAutowireCapableBeanFactory.initializeBean(AbstractAutowireCapableBeanFactory.java:1782)
	... 30 common frames omitted
Caused by: org.postgresql.util.PSQLException: FATAL: password authentication failed for user "postgres"
	at org.postgresql.core.v3.ConnectionFactoryImpl.doAuthentication(ConnectionFactoryImpl.java:693)
	at org.postgresql.core.v3.ConnectionFactoryImpl.tryConnect(ConnectionFactoryImpl.java:203)
	at org.postgresql.core.v3.ConnectionFactoryImpl.openConnectionImpl(ConnectionFactoryImpl.java:258)
	at org.postgresql.core.ConnectionFactory.openConnection(ConnectionFactory.java:54)
	at org.postgresql.jdbc.PgConnection.<init>(PgConnection.java:263)
	at org.postgresql.Driver.makeConnection(Driver.java:443)
	at org.postgresql.Driver.connect(Driver.java:297)
	at com.zaxxer.hikari.util.DriverDataSource.getConnection(DriverDataSource.java:138)
	at com.zaxxer.hikari.pool.PoolBase.newConnection(PoolBase.java:359)
	at com.zaxxer.hikari.pool.PoolBase.newPoolEntry(PoolBase.java:201)
	at com.zaxxer.hikari.pool.HikariPool.createPoolEntry(HikariPool.java:470)
	at com.zaxxer.hikari.pool.HikariPool.checkFailFast(HikariPool.java:561)
	at com.zaxxer.hikari.pool.HikariPool.<init>(HikariPool.java:100)
	at com.zaxxer.hikari.HikariDataSource.getConnection(HikariDataSource.java:112)
	at org.springframework.jdbc.datasource.DataSourceUtils.fetchConnection(DataSourceUtils.java:160)
	at org.springframework.jdbc.datasource.DataSourceUtils.doGetConnection(DataSourceUtils.java:118)
	at org.springframework.jdbc.datasource.DataSourceUtils.getConnection(DataSourceUtils.java:81)
	... 35 common frames omitted
26-01-07.00:47:20.315 [main            ] INFO  Application            - Starting Application using Java 17.0.13 with PID 89262 (/Users/pipchief/KnowledgePlanet/ai-rag-knowledge/ai-rag-knowledge/xfg-dev-tech-app/target/classes started by pipchief in /Users/pipchief/KnowledgePlanet/ai-rag-knowledge/ai-rag-knowledge)
26-01-07.00:47:20.315 [main            ] INFO  Application            - The following 1 profile is active: "dev"
26-01-07.00:47:20.643 [main            ] INFO  RepositoryConfigurationDelegate - Multiple Spring Data modules found, entering strict repository configuration mode
26-01-07.00:47:20.645 [main            ] INFO  RepositoryConfigurationDelegate - Bootstrapping Spring Data Redis repositories in DEFAULT mode.
26-01-07.00:47:20.655 [main            ] INFO  RepositoryConfigurationDelegate - Finished Spring Data repository scanning in 4 ms. Found 0 Redis repository interfaces.
26-01-07.00:47:20.892 [main            ] INFO  TomcatWebServer        - Tomcat initialized with port 8090 (http)
26-01-07.00:47:20.899 [main            ] INFO  Http11NioProtocol      - Initializing ProtocolHandler ["http-nio-8090"]
26-01-07.00:47:20.899 [main            ] INFO  StandardService        - Starting service [Tomcat]
26-01-07.00:47:20.899 [main            ] INFO  StandardEngine         - Starting Servlet engine: [Apache Tomcat/10.1.19]
26-01-07.00:47:20.925 [main            ] INFO  [/]                    - Initializing Spring embedded WebApplicationContext
26-01-07.00:47:20.925 [main            ] INFO  ServletWebServerApplicationContext - Root WebApplicationContext: initialization completed in 521 ms
26-01-07.00:47:21.120 [main            ] INFO  HikariDataSource       - HikariCP - Starting...
26-01-07.00:47:21.446 [main            ] INFO  HikariPool             - HikariCP - Added connection org.postgresql.jdbc.PgConnection@2d988dd1
26-01-07.00:47:21.448 [main            ] INFO  HikariDataSource       - HikariCP - Start completed.
26-01-07.00:47:21.842 [main            ] WARN  OllamaApi              - [500] Internal Server Error - {"error":"model requires more system memory (352.9 MiB) than is available (164.3 MiB)"}
26-01-07.00:47:21.842 [main            ] WARN  PgVectorStore          - Failed to obtain the embedding dimensions from the embedding client and fall backs to default:1536
java.lang.RuntimeException: [500] Internal Server Error - {"error":"model requires more system memory (352.9 MiB) than is available (164.3 MiB)"}
	at org.springframework.ai.ollama.api.OllamaApi$OllamaResponseErrorHandler.handleError(OllamaApi.java:78)
	at org.springframework.web.client.ResponseErrorHandler.handleError(ResponseErrorHandler.java:63)
	at org.springframework.web.client.StatusHandler.lambda$fromErrorHandler$1(StatusHandler.java:71)
	at org.springframework.web.client.StatusHandler.handle(StatusHandler.java:146)
	at org.springframework.web.client.DefaultRestClient$DefaultResponseSpec.applyStatusHandlers(DefaultRestClient.java:680)
	at org.springframework.web.client.DefaultRestClient.readWithMessageConverters(DefaultRestClient.java:200)
	at org.springframework.web.client.DefaultRestClient$DefaultResponseSpec.readBody(DefaultRestClient.java:667)
	at org.springframework.web.client.DefaultRestClient$DefaultResponseSpec.body(DefaultRestClient.java:613)
	at org.springframework.ai.ollama.api.OllamaApi.embeddings(OllamaApi.java:595)
	at org.springframework.ai.ollama.OllamaEmbeddingClient.call(OllamaEmbeddingClient.java:101)
	at org.springframework.ai.embedding.EmbeddingClient.embed(EmbeddingClient.java:56)
	at org.springframework.ai.embedding.EmbeddingClient.embed(EmbeddingClient.java:39)
	at org.springframework.ai.embedding.AbstractEmbeddingClient.dimensions(AbstractEmbeddingClient.java:56)
	at org.springframework.ai.embedding.AbstractEmbeddingClient.dimensions(AbstractEmbeddingClient.java:78)
	at org.springframework.ai.vectorstore.PgVectorStore.embeddingDimensions(PgVectorStore.java:367)
	at org.springframework.ai.vectorstore.PgVectorStore.afterPropertiesSet(PgVectorStore.java:351)
	at org.springframework.beans.factory.support.AbstractAutowireCapableBeanFactory.invokeInitMethods(AbstractAutowireCapableBeanFactory.java:1833)
	at org.springframework.beans.factory.support.AbstractAutowireCapableBeanFactory.initializeBean(AbstractAutowireCapableBeanFactory.java:1782)
	at org.springframework.beans.factory.support.AbstractAutowireCapableBeanFactory.doCreateBean(AbstractAutowireCapableBeanFactory.java:600)
	at org.springframework.beans.factory.support.AbstractAutowireCapableBeanFactory.createBean(AbstractAutowireCapableBeanFactory.java:522)
	at org.springframework.beans.factory.support.AbstractBeanFactory.lambda$doGetBean$0(AbstractBeanFactory.java:325)
	at org.springframework.beans.factory.support.DefaultSingletonBeanRegistry.getSingleton(DefaultSingletonBeanRegistry.java:234)
	at org.springframework.beans.factory.support.AbstractBeanFactory.doGetBean(AbstractBeanFactory.java:323)
	at org.springframework.beans.factory.support.AbstractBeanFactory.getBean(AbstractBeanFactory.java:204)
	at org.springframework.beans.factory.support.AbstractAutowireCapableBeanFactory.resolveBeanByName(AbstractAutowireCapableBeanFactory.java:461)
	at org.springframework.context.annotation.CommonAnnotationBeanPostProcessor.autowireResource(CommonAnnotationBeanPostProcessor.java:603)
	at org.springframework.context.annotation.CommonAnnotationBeanPostProcessor.getResource(CommonAnnotationBeanPostProcessor.java:574)
	at org.springframework.context.annotation.CommonAnnotationBeanPostProcessor$ResourceElement.getResourceToInject(CommonAnnotationBeanPostProcessor.java:736)
	at org.springframework.beans.factory.annotation.InjectionMetadata$InjectedElement.inject(InjectionMetadata.java:270)
	at org.springframework.beans.factory.annotation.InjectionMetadata.inject(InjectionMetadata.java:145)
	at org.springframework.context.annotation.CommonAnnotationBeanPostProcessor.postProcessProperties(CommonAnnotationBeanPostProcessor.java:366)
	at org.springframework.beans.factory.support.AbstractAutowireCapableBeanFactory.populateBean(AbstractAutowireCapableBeanFactory.java:1419)
	at org.springframework.beans.factory.support.AbstractAutowireCapableBeanFactory.doCreateBean(AbstractAutowireCapableBeanFactory.java:599)
	at org.springframework.beans.factory.support.AbstractAutowireCapableBeanFactory.createBean(AbstractAutowireCapableBeanFactory.java:522)
	at org.springframework.beans.factory.support.AbstractBeanFactory.lambda$doGetBean$0(AbstractBeanFactory.java:325)
	at org.springframework.beans.factory.support.DefaultSingletonBeanRegistry.getSingleton(DefaultSingletonBeanRegistry.java:234)
	at org.springframework.beans.factory.support.AbstractBeanFactory.doGetBean(AbstractBeanFactory.java:323)
	at org.springframework.beans.factory.support.AbstractBeanFactory.getBean(AbstractBeanFactory.java:199)
	at org.springframework.beans.factory.support.DefaultListableBeanFactory.preInstantiateSingletons(DefaultListableBeanFactory.java:975)
	at org.springframework.context.support.AbstractApplicationContext.finishBeanFactoryInitialization(AbstractApplicationContext.java:959)
	at org.springframework.context.support.AbstractApplicationContext.refresh(AbstractApplicationContext.java:624)
	at org.springframework.boot.web.servlet.context.ServletWebServerApplicationContext.refresh(ServletWebServerApplicationContext.java:146)
	at org.springframework.boot.SpringApplication.refresh(SpringApplication.java:754)
	at org.springframework.boot.SpringApplication.refreshContext(SpringApplication.java:456)
	at org.springframework.boot.SpringApplication.run(SpringApplication.java:334)
	at org.springframework.boot.SpringApplication.run(SpringApplication.java:1354)
	at org.springframework.boot.SpringApplication.run(SpringApplication.java:1343)
	at cn.bugstack.xfg.dev.tech.Application.main(Application.java:17)
26-01-07.00:47:22.043 [main            ] INFO  Version                - Redisson 3.44.0
26-01-07.00:47:22.062 [main            ] WARN  DnsServerAddressStreamProviders - Can not find io.netty.resolver.dns.macos.MacOSDnsServerAddressStreamProvider in the classpath, fallback to system defaults. This may result in incorrect DNS resolutions on MacOS. Check whether you have a dependency on 'io.netty:netty-resolver-dns-native-macos'
26-01-07.00:47:22.194 [redisson-netty-1-6] INFO  ConnectionsHolder      - 1 connections initialized for 111.228.7.181/111.228.7.181:16379
26-01-07.00:47:22.449 [redisson-netty-1-13] INFO  ConnectionsHolder      - 5 connections initialized for 111.228.7.181/111.228.7.181:16379
26-01-07.00:47:22.706 [main            ] INFO  Http11NioProtocol      - Starting ProtocolHandler ["http-nio-8090"]
26-01-07.00:47:22.710 [main            ] INFO  TomcatWebServer        - Tomcat started on port 8090 (http) with context path ''
26-01-07.00:47:22.715 [main            ] INFO  Application            - Started Application in 2.595 seconds (process running for 2.945)
26-01-07.00:47:34.899 [http-nio-8090-exec-1] INFO  [/]                    - Initializing Spring DispatcherServlet 'dispatcherServlet'
26-01-07.00:47:34.900 [http-nio-8090-exec-1] INFO  DispatcherServlet      - Initializing Servlet 'dispatcherServlet'
26-01-07.00:47:34.901 [http-nio-8090-exec-1] INFO  DispatcherServlet      - Completed initialization in 1 ms
26-01-07.00:47:43.119 [SpringApplicationShutdownHook] INFO  HikariDataSource       - HikariCP - Shutdown initiated...
26-01-07.00:47:43.122 [SpringApplicationShutdownHook] INFO  HikariDataSource       - HikariCP - Shutdown completed.
26-01-07.00:47:44.569 [main            ] INFO  Application            - Starting Application using Java 17.0.13 with PID 89299 (/Users/pipchief/KnowledgePlanet/ai-rag-knowledge/ai-rag-knowledge/xfg-dev-tech-app/target/classes started by pipchief in /Users/pipchief/KnowledgePlanet/ai-rag-knowledge/ai-rag-knowledge)
26-01-07.00:47:44.569 [main            ] INFO  Application            - The following 1 profile is active: "dev"
26-01-07.00:47:44.881 [main            ] INFO  RepositoryConfigurationDelegate - Multiple Spring Data modules found, entering strict repository configuration mode
26-01-07.00:47:44.882 [main            ] INFO  RepositoryConfigurationDelegate - Bootstrapping Spring Data Redis repositories in DEFAULT mode.
26-01-07.00:47:44.892 [main            ] INFO  RepositoryConfigurationDelegate - Finished Spring Data repository scanning in 4 ms. Found 0 Redis repository interfaces.
26-01-07.00:47:45.137 [main            ] INFO  TomcatWebServer        - Tomcat initialized with port 8090 (http)
26-01-07.00:47:45.140 [main            ] INFO  Http11NioProtocol      - Initializing ProtocolHandler ["http-nio-8090"]
26-01-07.00:47:45.141 [main            ] INFO  StandardService        - Starting service [Tomcat]
26-01-07.00:47:45.141 [main            ] INFO  StandardEngine         - Starting Servlet engine: [Apache Tomcat/10.1.19]
26-01-07.00:47:45.169 [main            ] INFO  [/]                    - Initializing Spring embedded WebApplicationContext
26-01-07.00:47:45.169 [main            ] INFO  ServletWebServerApplicationContext - Root WebApplicationContext: initialization completed in 519 ms
26-01-07.00:47:45.343 [main            ] INFO  HikariDataSource       - HikariCP - Starting...
26-01-07.00:47:45.716 [main            ] INFO  HikariPool             - HikariCP - Added connection org.postgresql.jdbc.PgConnection@30b769ca
26-01-07.00:47:45.718 [main            ] INFO  HikariDataSource       - HikariCP - Start completed.
26-01-07.00:47:46.010 [main            ] WARN  OllamaApi              - [500] Internal Server Error - {"error":"model requires more system memory (352.9 MiB) than is available (163.6 MiB)"}
26-01-07.00:47:46.010 [main            ] WARN  PgVectorStore          - Failed to obtain the embedding dimensions from the embedding client and fall backs to default:1536
java.lang.RuntimeException: [500] Internal Server Error - {"error":"model requires more system memory (352.9 MiB) than is available (163.6 MiB)"}
	at org.springframework.ai.ollama.api.OllamaApi$OllamaResponseErrorHandler.handleError(OllamaApi.java:78)
	at org.springframework.web.client.ResponseErrorHandler.handleError(ResponseErrorHandler.java:63)
	at org.springframework.web.client.StatusHandler.lambda$fromErrorHandler$1(StatusHandler.java:71)
	at org.springframework.web.client.StatusHandler.handle(StatusHandler.java:146)
	at org.springframework.web.client.DefaultRestClient$DefaultResponseSpec.applyStatusHandlers(DefaultRestClient.java:680)
	at org.springframework.web.client.DefaultRestClient.readWithMessageConverters(DefaultRestClient.java:200)
	at org.springframework.web.client.DefaultRestClient$DefaultResponseSpec.readBody(DefaultRestClient.java:667)
	at org.springframework.web.client.DefaultRestClient$DefaultResponseSpec.body(DefaultRestClient.java:613)
	at org.springframework.ai.ollama.api.OllamaApi.embeddings(OllamaApi.java:595)
	at org.springframework.ai.ollama.OllamaEmbeddingClient.call(OllamaEmbeddingClient.java:101)
	at org.springframework.ai.embedding.EmbeddingClient.embed(EmbeddingClient.java:56)
	at org.springframework.ai.embedding.EmbeddingClient.embed(EmbeddingClient.java:39)
	at org.springframework.ai.embedding.AbstractEmbeddingClient.dimensions(AbstractEmbeddingClient.java:56)
	at org.springframework.ai.embedding.AbstractEmbeddingClient.dimensions(AbstractEmbeddingClient.java:78)
	at org.springframework.ai.vectorstore.PgVectorStore.embeddingDimensions(PgVectorStore.java:367)
	at org.springframework.ai.vectorstore.PgVectorStore.afterPropertiesSet(PgVectorStore.java:351)
	at org.springframework.beans.factory.support.AbstractAutowireCapableBeanFactory.invokeInitMethods(AbstractAutowireCapableBeanFactory.java:1833)
	at org.springframework.beans.factory.support.AbstractAutowireCapableBeanFactory.initializeBean(AbstractAutowireCapableBeanFactory.java:1782)
	at org.springframework.beans.factory.support.AbstractAutowireCapableBeanFactory.doCreateBean(AbstractAutowireCapableBeanFactory.java:600)
	at org.springframework.beans.factory.support.AbstractAutowireCapableBeanFactory.createBean(AbstractAutowireCapableBeanFactory.java:522)
	at org.springframework.beans.factory.support.AbstractBeanFactory.lambda$doGetBean$0(AbstractBeanFactory.java:325)
	at org.springframework.beans.factory.support.DefaultSingletonBeanRegistry.getSingleton(DefaultSingletonBeanRegistry.java:234)
	at org.springframework.beans.factory.support.AbstractBeanFactory.doGetBean(AbstractBeanFactory.java:323)
	at org.springframework.beans.factory.support.AbstractBeanFactory.getBean(AbstractBeanFactory.java:204)
	at org.springframework.beans.factory.support.AbstractAutowireCapableBeanFactory.resolveBeanByName(AbstractAutowireCapableBeanFactory.java:461)
	at org.springframework.context.annotation.CommonAnnotationBeanPostProcessor.autowireResource(CommonAnnotationBeanPostProcessor.java:603)
	at org.springframework.context.annotation.CommonAnnotationBeanPostProcessor.getResource(CommonAnnotationBeanPostProcessor.java:574)
	at org.springframework.context.annotation.CommonAnnotationBeanPostProcessor$ResourceElement.getResourceToInject(CommonAnnotationBeanPostProcessor.java:736)
	at org.springframework.beans.factory.annotation.InjectionMetadata$InjectedElement.inject(InjectionMetadata.java:270)
	at org.springframework.beans.factory.annotation.InjectionMetadata.inject(InjectionMetadata.java:145)
	at org.springframework.context.annotation.CommonAnnotationBeanPostProcessor.postProcessProperties(CommonAnnotationBeanPostProcessor.java:366)
	at org.springframework.beans.factory.support.AbstractAutowireCapableBeanFactory.populateBean(AbstractAutowireCapableBeanFactory.java:1419)
	at org.springframework.beans.factory.support.AbstractAutowireCapableBeanFactory.doCreateBean(AbstractAutowireCapableBeanFactory.java:599)
	at org.springframework.beans.factory.support.AbstractAutowireCapableBeanFactory.createBean(AbstractAutowireCapableBeanFactory.java:522)
	at org.springframework.beans.factory.support.AbstractBeanFactory.lambda$doGetBean$0(AbstractBeanFactory.java:325)
	at org.springframework.beans.factory.support.DefaultSingletonBeanRegistry.getSingleton(DefaultSingletonBeanRegistry.java:234)
	at org.springframework.beans.factory.support.AbstractBeanFactory.doGetBean(AbstractBeanFactory.java:323)
	at org.springframework.beans.factory.support.AbstractBeanFactory.getBean(AbstractBeanFactory.java:199)
	at org.springframework.beans.factory.support.DefaultListableBeanFactory.preInstantiateSingletons(DefaultListableBeanFactory.java:975)
	at org.springframework.context.support.AbstractApplicationContext.finishBeanFactoryInitialization(AbstractApplicationContext.java:959)
	at org.springframework.context.support.AbstractApplicationContext.refresh(AbstractApplicationContext.java:624)
	at org.springframework.boot.web.servlet.context.ServletWebServerApplicationContext.refresh(ServletWebServerApplicationContext.java:146)
	at org.springframework.boot.SpringApplication.refresh(SpringApplication.java:754)
	at org.springframework.boot.SpringApplication.refreshContext(SpringApplication.java:456)
	at org.springframework.boot.SpringApplication.run(SpringApplication.java:334)
	at org.springframework.boot.SpringApplication.run(SpringApplication.java:1354)
	at org.springframework.boot.SpringApplication.run(SpringApplication.java:1343)
	at cn.bugstack.xfg.dev.tech.Application.main(Application.java:17)
26-01-07.00:47:46.212 [main            ] INFO  Version                - Redisson 3.44.0
26-01-07.00:47:46.228 [main            ] WARN  DnsServerAddressStreamProviders - Can not find io.netty.resolver.dns.macos.MacOSDnsServerAddressStreamProvider in the classpath, fallback to system defaults. This may result in incorrect DNS resolutions on MacOS. Check whether you have a dependency on 'io.netty:netty-resolver-dns-native-macos'
26-01-07.00:47:46.357 [redisson-netty-1-4] INFO  ConnectionsHolder      - 1 connections initialized for 111.228.7.181/111.228.7.181:16379
26-01-07.00:47:46.591 [redisson-netty-1-13] INFO  ConnectionsHolder      - 5 connections initialized for 111.228.7.181/111.228.7.181:16379
26-01-07.00:47:46.841 [main            ] INFO  Http11NioProtocol      - Starting ProtocolHandler ["http-nio-8090"]
26-01-07.00:47:46.844 [main            ] INFO  TomcatWebServer        - Tomcat started on port 8090 (http) with context path ''
26-01-07.00:47:46.849 [main            ] INFO  Application            - Started Application in 2.517 seconds (process running for 2.9)
26-01-07.00:51:11.345 [http-nio-8090-exec-1] INFO  [/]                    - Initializing Spring DispatcherServlet 'dispatcherServlet'
26-01-07.00:51:11.346 [http-nio-8090-exec-1] INFO  DispatcherServlet      - Initializing Servlet 'dispatcherServlet'
26-01-07.00:51:11.351 [http-nio-8090-exec-1] INFO  DispatcherServlet      - Completed initialization in 5 ms
26-01-07.00:52:45.506 [http-nio-8090-exec-8] INFO  Http11Processor        - Error parsing HTTP request header
 Note: further occurrences of HTTP request parsing errors will be logged at DEBUG level.
java.lang.IllegalArgumentException: Invalid character found in the request target [/api/v1/ollama/generate?model=deepseek-r1:1.5b&message=0xe40xbd0xa00xe50xa50xbd ]. The valid characters are defined in RFC 7230 and RFC 3986
	at org.apache.coyote.http11.Http11InputBuffer.parseRequestLine(Http11InputBuffer.java:482)
	at org.apache.coyote.http11.Http11Processor.service(Http11Processor.java:264)
	at org.apache.coyote.AbstractProcessorLight.process(AbstractProcessorLight.java:63)
	at org.apache.coyote.AbstractProtocol$ConnectionHandler.process(AbstractProtocol.java:896)
	at org.apache.tomcat.util.net.NioEndpoint$SocketProcessor.doRun(NioEndpoint.java:1744)
	at org.apache.tomcat.util.net.SocketProcessorBase.run(SocketProcessorBase.java:52)
	at org.apache.tomcat.util.threads.ThreadPoolExecutor.runWorker(ThreadPoolExecutor.java:1191)
	at org.apache.tomcat.util.threads.ThreadPoolExecutor$Worker.run(ThreadPoolExecutor.java:659)
	at org.apache.tomcat.util.threads.TaskThread$WrappingRunnable.run(TaskThread.java:63)
	at java.base/java.lang.Thread.run(Thread.java:840)
26-01-07.00:56:51.167 [SpringApplicationShutdownHook] INFO  HikariDataSource       - HikariCP - Shutdown initiated...
26-01-07.00:56:51.170 [SpringApplicationShutdownHook] INFO  HikariDataSource       - HikariCP - Shutdown completed.
26-01-07.00:56:53.049 [main            ] INFO  Application            - Starting Application using Java 17.0.13 with PID 90157 (/Users/pipchief/KnowledgePlanet/ai-rag-knowledge/ai-rag-knowledge/xfg-dev-tech-app/target/classes started by pipchief in /Users/pipchief/KnowledgePlanet/ai-rag-knowledge/ai-rag-knowledge)
26-01-07.00:56:53.049 [main            ] INFO  Application            - The following 1 profile is active: "dev"
26-01-07.00:56:53.381 [main            ] INFO  RepositoryConfigurationDelegate - Multiple Spring Data modules found, entering strict repository configuration mode
26-01-07.00:56:53.382 [main            ] INFO  RepositoryConfigurationDelegate - Bootstrapping Spring Data Redis repositories in DEFAULT mode.
26-01-07.00:56:53.393 [main            ] INFO  RepositoryConfigurationDelegate - Finished Spring Data repository scanning in 4 ms. Found 0 Redis repository interfaces.
26-01-07.00:56:53.643 [main            ] INFO  TomcatWebServer        - Tomcat initialized with port 8090 (http)
26-01-07.00:56:53.647 [main            ] INFO  Http11NioProtocol      - Initializing ProtocolHandler ["http-nio-8090"]
26-01-07.00:56:53.647 [main            ] INFO  StandardService        - Starting service [Tomcat]
26-01-07.00:56:53.647 [main            ] INFO  StandardEngine         - Starting Servlet engine: [Apache Tomcat/10.1.19]
26-01-07.00:56:53.677 [main            ] INFO  [/]                    - Initializing Spring embedded WebApplicationContext
26-01-07.00:56:53.677 [main            ] INFO  ServletWebServerApplicationContext - Root WebApplicationContext: initialization completed in 536 ms
26-01-07.00:56:53.888 [main            ] INFO  HikariDataSource       - HikariCP - Starting...
26-01-07.00:56:54.232 [main            ] INFO  HikariPool             - HikariCP - Added connection org.postgresql.jdbc.PgConnection@4c0f546b
26-01-07.00:56:54.235 [main            ] INFO  HikariDataSource       - HikariCP - Start completed.
26-01-07.00:56:54.567 [main            ] WARN  OllamaApi              - [500] Internal Server Error - {"error":"model requires more system memory (352.9 MiB) than is available (158.9 MiB)"}
26-01-07.00:56:54.567 [main            ] WARN  PgVectorStore          - Failed to obtain the embedding dimensions from the embedding client and fall backs to default:1536
java.lang.RuntimeException: [500] Internal Server Error - {"error":"model requires more system memory (352.9 MiB) than is available (158.9 MiB)"}
	at org.springframework.ai.ollama.api.OllamaApi$OllamaResponseErrorHandler.handleError(OllamaApi.java:78)
	at org.springframework.web.client.ResponseErrorHandler.handleError(ResponseErrorHandler.java:63)
	at org.springframework.web.client.StatusHandler.lambda$fromErrorHandler$1(StatusHandler.java:71)
	at org.springframework.web.client.StatusHandler.handle(StatusHandler.java:146)
	at org.springframework.web.client.DefaultRestClient$DefaultResponseSpec.applyStatusHandlers(DefaultRestClient.java:680)
	at org.springframework.web.client.DefaultRestClient.readWithMessageConverters(DefaultRestClient.java:200)
	at org.springframework.web.client.DefaultRestClient$DefaultResponseSpec.readBody(DefaultRestClient.java:667)
	at org.springframework.web.client.DefaultRestClient$DefaultResponseSpec.body(DefaultRestClient.java:613)
	at org.springframework.ai.ollama.api.OllamaApi.embeddings(OllamaApi.java:595)
	at org.springframework.ai.ollama.OllamaEmbeddingClient.call(OllamaEmbeddingClient.java:101)
	at org.springframework.ai.embedding.EmbeddingClient.embed(EmbeddingClient.java:56)
	at org.springframework.ai.embedding.EmbeddingClient.embed(EmbeddingClient.java:39)
	at org.springframework.ai.embedding.AbstractEmbeddingClient.dimensions(AbstractEmbeddingClient.java:56)
	at org.springframework.ai.embedding.AbstractEmbeddingClient.dimensions(AbstractEmbeddingClient.java:78)
	at org.springframework.ai.vectorstore.PgVectorStore.embeddingDimensions(PgVectorStore.java:367)
	at org.springframework.ai.vectorstore.PgVectorStore.afterPropertiesSet(PgVectorStore.java:351)
	at org.springframework.beans.factory.support.AbstractAutowireCapableBeanFactory.invokeInitMethods(AbstractAutowireCapableBeanFactory.java:1833)
	at org.springframework.beans.factory.support.AbstractAutowireCapableBeanFactory.initializeBean(AbstractAutowireCapableBeanFactory.java:1782)
	at org.springframework.beans.factory.support.AbstractAutowireCapableBeanFactory.doCreateBean(AbstractAutowireCapableBeanFactory.java:600)
	at org.springframework.beans.factory.support.AbstractAutowireCapableBeanFactory.createBean(AbstractAutowireCapableBeanFactory.java:522)
	at org.springframework.beans.factory.support.AbstractBeanFactory.lambda$doGetBean$0(AbstractBeanFactory.java:325)
	at org.springframework.beans.factory.support.DefaultSingletonBeanRegistry.getSingleton(DefaultSingletonBeanRegistry.java:234)
	at org.springframework.beans.factory.support.AbstractBeanFactory.doGetBean(AbstractBeanFactory.java:323)
	at org.springframework.beans.factory.support.AbstractBeanFactory.getBean(AbstractBeanFactory.java:204)
	at org.springframework.beans.factory.support.AbstractAutowireCapableBeanFactory.resolveBeanByName(AbstractAutowireCapableBeanFactory.java:461)
	at org.springframework.context.annotation.CommonAnnotationBeanPostProcessor.autowireResource(CommonAnnotationBeanPostProcessor.java:603)
	at org.springframework.context.annotation.CommonAnnotationBeanPostProcessor.getResource(CommonAnnotationBeanPostProcessor.java:574)
	at org.springframework.context.annotation.CommonAnnotationBeanPostProcessor$ResourceElement.getResourceToInject(CommonAnnotationBeanPostProcessor.java:736)
	at org.springframework.beans.factory.annotation.InjectionMetadata$InjectedElement.inject(InjectionMetadata.java:270)
	at org.springframework.beans.factory.annotation.InjectionMetadata.inject(InjectionMetadata.java:145)
	at org.springframework.context.annotation.CommonAnnotationBeanPostProcessor.postProcessProperties(CommonAnnotationBeanPostProcessor.java:366)
	at org.springframework.beans.factory.support.AbstractAutowireCapableBeanFactory.populateBean(AbstractAutowireCapableBeanFactory.java:1419)
	at org.springframework.beans.factory.support.AbstractAutowireCapableBeanFactory.doCreateBean(AbstractAutowireCapableBeanFactory.java:599)
	at org.springframework.beans.factory.support.AbstractAutowireCapableBeanFactory.createBean(AbstractAutowireCapableBeanFactory.java:522)
	at org.springframework.beans.factory.support.AbstractBeanFactory.lambda$doGetBean$0(AbstractBeanFactory.java:325)
	at org.springframework.beans.factory.support.DefaultSingletonBeanRegistry.getSingleton(DefaultSingletonBeanRegistry.java:234)
	at org.springframework.beans.factory.support.AbstractBeanFactory.doGetBean(AbstractBeanFactory.java:323)
	at org.springframework.beans.factory.support.AbstractBeanFactory.getBean(AbstractBeanFactory.java:199)
	at org.springframework.beans.factory.support.DefaultListableBeanFactory.preInstantiateSingletons(DefaultListableBeanFactory.java:975)
	at org.springframework.context.support.AbstractApplicationContext.finishBeanFactoryInitialization(AbstractApplicationContext.java:959)
	at org.springframework.context.support.AbstractApplicationContext.refresh(AbstractApplicationContext.java:624)
	at org.springframework.boot.web.servlet.context.ServletWebServerApplicationContext.refresh(ServletWebServerApplicationContext.java:146)
	at org.springframework.boot.SpringApplication.refresh(SpringApplication.java:754)
	at org.springframework.boot.SpringApplication.refreshContext(SpringApplication.java:456)
	at org.springframework.boot.SpringApplication.run(SpringApplication.java:334)
	at org.springframework.boot.SpringApplication.run(SpringApplication.java:1354)
	at org.springframework.boot.SpringApplication.run(SpringApplication.java:1343)
	at cn.bugstack.xfg.dev.tech.Application.main(Application.java:17)
26-01-07.00:56:54.769 [main            ] INFO  Version                - Redisson 3.44.0
26-01-07.00:56:54.785 [main            ] WARN  DnsServerAddressStreamProviders - Can not find io.netty.resolver.dns.macos.MacOSDnsServerAddressStreamProvider in the classpath, fallback to system defaults. This may result in incorrect DNS resolutions on MacOS. Check whether you have a dependency on 'io.netty:netty-resolver-dns-native-macos'
26-01-07.00:56:54.914 [redisson-netty-1-4] INFO  ConnectionsHolder      - 1 connections initialized for 111.228.7.181/111.228.7.181:16379
26-01-07.00:56:55.163 [redisson-netty-1-13] INFO  ConnectionsHolder      - 5 connections initialized for 111.228.7.181/111.228.7.181:16379
26-01-07.00:56:55.413 [main            ] INFO  Http11NioProtocol      - Starting ProtocolHandler ["http-nio-8090"]
26-01-07.00:56:55.417 [main            ] INFO  TomcatWebServer        - Tomcat started on port 8090 (http) with context path ''
26-01-07.00:56:55.422 [main            ] INFO  Application            - Started Application in 2.593 seconds (process running for 2.83)
26-01-07.00:57:05.370 [http-nio-8090-exec-1] INFO  [/]                    - Initializing Spring DispatcherServlet 'dispatcherServlet'
26-01-07.00:57:05.370 [http-nio-8090-exec-1] INFO  DispatcherServlet      - Initializing Servlet 'dispatcherServlet'
26-01-07.00:57:05.379 [http-nio-8090-exec-1] INFO  DispatcherServlet      - Completed initialization in 9 ms
26-01-07.00:57:16.503 [http-nio-8090-exec-3] INFO  RAGController          - 上传知识库开始java
26-01-07.00:57:16.872 [http-nio-8090-exec-3] WARN  OllamaApi              - [500] Internal Server Error - {"error":"model requires more system memory (352.9 MiB) than is available (153.0 MiB)"}
26-01-07.00:57:16.874 [http-nio-8090-exec-3] ERROR [dispatcherServlet]    - Servlet.service() for servlet [dispatcherServlet] in context with path [] threw exception [Request processing failed: java.lang.RuntimeException: [500] Internal Server Error - {"error":"model requires more system memory (352.9 MiB) than is available (153.0 MiB)"}] with root cause
java.lang.RuntimeException: [500] Internal Server Error - {"error":"model requires more system memory (352.9 MiB) than is available (153.0 MiB)"}
	at org.springframework.ai.ollama.api.OllamaApi$OllamaResponseErrorHandler.handleError(OllamaApi.java:78)
	at org.springframework.web.client.ResponseErrorHandler.handleError(ResponseErrorHandler.java:63)
	at org.springframework.web.client.StatusHandler.lambda$fromErrorHandler$1(StatusHandler.java:71)
	at org.springframework.web.client.StatusHandler.handle(StatusHandler.java:146)
	at org.springframework.web.client.DefaultRestClient$DefaultResponseSpec.applyStatusHandlers(DefaultRestClient.java:680)
	at org.springframework.web.client.DefaultRestClient.readWithMessageConverters(DefaultRestClient.java:200)
	at org.springframework.web.client.DefaultRestClient$DefaultResponseSpec.readBody(DefaultRestClient.java:667)
	at org.springframework.web.client.DefaultRestClient$DefaultResponseSpec.body(DefaultRestClient.java:613)
	at org.springframework.ai.ollama.api.OllamaApi.embeddings(OllamaApi.java:595)
	at org.springframework.ai.ollama.OllamaEmbeddingClient.call(OllamaEmbeddingClient.java:101)
	at org.springframework.ai.embedding.EmbeddingClient.embed(EmbeddingClient.java:56)
	at org.springframework.ai.embedding.EmbeddingClient.embed(EmbeddingClient.java:39)
	at org.springframework.ai.ollama.OllamaEmbeddingClient.embed(OllamaEmbeddingClient.java:85)
	at org.springframework.ai.vectorstore.PgVectorStore$1.setValues(PgVectorStore.java:238)
	at org.springframework.jdbc.core.JdbcTemplate.lambda$getPreparedStatementCallback$6(JdbcTemplate.java:1603)
	at org.springframework.jdbc.core.JdbcTemplate.execute(JdbcTemplate.java:658)
	at org.springframework.jdbc.core.JdbcTemplate.execute(JdbcTemplate.java:701)
	at org.springframework.jdbc.core.JdbcTemplate.batchUpdate(JdbcTemplate.java:1047)
	at org.springframework.ai.vectorstore.PgVectorStore.add(PgVectorStore.java:228)
	at org.springframework.ai.vectorstore.VectorStore.accept(VectorStore.java:43)
	at cn.bugstack.xfg.dev.tech.trigger.http.RAGController.uploadFile(RAGController.java:79)
	at java.base/jdk.internal.reflect.NativeMethodAccessorImpl.invoke0(Native Method)
	at java.base/jdk.internal.reflect.NativeMethodAccessorImpl.invoke(NativeMethodAccessorImpl.java:77)
	at java.base/jdk.internal.reflect.DelegatingMethodAccessorImpl.invoke(DelegatingMethodAccessorImpl.java:43)
	at java.base/java.lang.reflect.Method.invoke(Method.java:569)
	at org.springframework.web.method.support.InvocableHandlerMethod.doInvoke(InvocableHandlerMethod.java:259)
	at org.springframework.web.method.support.InvocableHandlerMethod.invokeForRequest(InvocableHandlerMethod.java:192)
	at org.springframework.web.servlet.mvc.method.annotation.ServletInvocableHandlerMethod.invokeAndHandle(ServletInvocableHandlerMethod.java:118)
	at org.springframework.web.servlet.mvc.method.annotation.RequestMappingHandlerAdapter.invokeHandlerMethod(RequestMappingHandlerAdapter.java:920)
	at org.springframework.web.servlet.mvc.method.annotation.RequestMappingHandlerAdapter.handleInternal(RequestMappingHandlerAdapter.java:830)
	at org.springframework.web.servlet.mvc.method.AbstractHandlerMethodAdapter.handle(AbstractHandlerMethodAdapter.java:87)
	at org.springframework.web.servlet.DispatcherServlet.doDispatch(DispatcherServlet.java:1089)
	at org.springframework.web.servlet.DispatcherServlet.doService(DispatcherServlet.java:979)
	at org.springframework.web.servlet.FrameworkServlet.processRequest(FrameworkServlet.java:1014)
	at org.springframework.web.servlet.FrameworkServlet.doPost(FrameworkServlet.java:914)
	at jakarta.servlet.http.HttpServlet.service(HttpServlet.java:590)
	at org.springframework.web.servlet.FrameworkServlet.service(FrameworkServlet.java:885)
	at jakarta.servlet.http.HttpServlet.service(HttpServlet.java:658)
	at org.apache.catalina.core.ApplicationFilterChain.internalDoFilter(ApplicationFilterChain.java:205)
	at org.apache.catalina.core.ApplicationFilterChain.doFilter(ApplicationFilterChain.java:149)
	at org.apache.tomcat.websocket.server.WsFilter.doFilter(WsFilter.java:51)
	at org.apache.catalina.core.ApplicationFilterChain.internalDoFilter(ApplicationFilterChain.java:174)
	at org.apache.catalina.core.ApplicationFilterChain.doFilter(ApplicationFilterChain.java:149)
	at org.springframework.web.filter.CorsFilter.doFilterInternal(CorsFilter.java:91)
	at org.springframework.web.filter.OncePerRequestFilter.doFilter(OncePerRequestFilter.java:116)
	at org.apache.catalina.core.ApplicationFilterChain.internalDoFilter(ApplicationFilterChain.java:174)
	at org.apache.catalina.core.ApplicationFilterChain.doFilter(ApplicationFilterChain.java:149)
	at org.springframework.web.filter.RequestContextFilter.doFilterInternal(RequestContextFilter.java:100)
	at org.springframework.web.filter.OncePerRequestFilter.doFilter(OncePerRequestFilter.java:116)
	at org.apache.catalina.core.ApplicationFilterChain.internalDoFilter(ApplicationFilterChain.java:174)
	at org.apache.catalina.core.ApplicationFilterChain.doFilter(ApplicationFilterChain.java:149)
	at org.springframework.web.filter.FormContentFilter.doFilterInternal(FormContentFilter.java:93)
	at org.springframework.web.filter.OncePerRequestFilter.doFilter(OncePerRequestFilter.java:116)
	at org.apache.catalina.core.ApplicationFilterChain.internalDoFilter(ApplicationFilterChain.java:174)
	at org.apache.catalina.core.ApplicationFilterChain.doFilter(ApplicationFilterChain.java:149)
	at org.springframework.web.filter.CharacterEncodingFilter.doFilterInternal(CharacterEncodingFilter.java:201)
	at org.springframework.web.filter.OncePerRequestFilter.doFilter(OncePerRequestFilter.java:116)
	at org.apache.catalina.core.ApplicationFilterChain.internalDoFilter(ApplicationFilterChain.java:174)
	at org.apache.catalina.core.ApplicationFilterChain.doFilter(ApplicationFilterChain.java:149)
	at org.apache.catalina.core.StandardWrapperValve.invoke(StandardWrapperValve.java:167)
	at org.apache.catalina.core.StandardContextValve.invoke(StandardContextValve.java:90)
	at org.apache.catalina.authenticator.AuthenticatorBase.invoke(AuthenticatorBase.java:482)
	at org.apache.catalina.core.StandardHostValve.invoke(StandardHostValve.java:115)
	at org.apache.catalina.valves.ErrorReportValve.invoke(ErrorReportValve.java:93)
	at org.apache.catalina.core.StandardEngineValve.invoke(StandardEngineValve.java:74)
	at org.apache.catalina.connector.CoyoteAdapter.service(CoyoteAdapter.java:344)
	at org.apache.coyote.http11.Http11Processor.service(Http11Processor.java:391)
	at org.apache.coyote.AbstractProcessorLight.process(AbstractProcessorLight.java:63)
	at org.apache.coyote.AbstractProtocol$ConnectionHandler.process(AbstractProtocol.java:896)
	at org.apache.tomcat.util.net.NioEndpoint$SocketProcessor.doRun(NioEndpoint.java:1744)
	at org.apache.tomcat.util.net.SocketProcessorBase.run(SocketProcessorBase.java:52)
	at org.apache.tomcat.util.threads.ThreadPoolExecutor.runWorker(ThreadPoolExecutor.java:1191)
	at org.apache.tomcat.util.threads.ThreadPoolExecutor$Worker.run(ThreadPoolExecutor.java:659)
	at org.apache.tomcat.util.threads.TaskThread$WrappingRunnable.run(TaskThread.java:63)
	at java.base/java.lang.Thread.run(Thread.java:840)
26-01-07.00:57:45.575 [http-nio-8090-exec-4] INFO  RAGController          - 上传知识库开始test
26-01-07.00:57:45.706 [http-nio-8090-exec-4] WARN  OllamaApi              - [500] Internal Server Error - {"error":"model requires more system memory (352.9 MiB) than is available (153.0 MiB)"}
26-01-07.00:57:45.707 [http-nio-8090-exec-4] ERROR [dispatcherServlet]    - Servlet.service() for servlet [dispatcherServlet] in context with path [] threw exception [Request processing failed: java.lang.RuntimeException: [500] Internal Server Error - {"error":"model requires more system memory (352.9 MiB) than is available (153.0 MiB)"}] with root cause
java.lang.RuntimeException: [500] Internal Server Error - {"error":"model requires more system memory (352.9 MiB) than is available (153.0 MiB)"}
	at org.springframework.ai.ollama.api.OllamaApi$OllamaResponseErrorHandler.handleError(OllamaApi.java:78)
	at org.springframework.web.client.ResponseErrorHandler.handleError(ResponseErrorHandler.java:63)
	at org.springframework.web.client.StatusHandler.lambda$fromErrorHandler$1(StatusHandler.java:71)
	at org.springframework.web.client.StatusHandler.handle(StatusHandler.java:146)
	at org.springframework.web.client.DefaultRestClient$DefaultResponseSpec.applyStatusHandlers(DefaultRestClient.java:680)
	at org.springframework.web.client.DefaultRestClient.readWithMessageConverters(DefaultRestClient.java:200)
	at org.springframework.web.client.DefaultRestClient$DefaultResponseSpec.readBody(DefaultRestClient.java:667)
	at org.springframework.web.client.DefaultRestClient$DefaultResponseSpec.body(DefaultRestClient.java:613)
	at org.springframework.ai.ollama.api.OllamaApi.embeddings(OllamaApi.java:595)
	at org.springframework.ai.ollama.OllamaEmbeddingClient.call(OllamaEmbeddingClient.java:101)
	at org.springframework.ai.embedding.EmbeddingClient.embed(EmbeddingClient.java:56)
	at org.springframework.ai.embedding.EmbeddingClient.embed(EmbeddingClient.java:39)
	at org.springframework.ai.ollama.OllamaEmbeddingClient.embed(OllamaEmbeddingClient.java:85)
	at org.springframework.ai.vectorstore.PgVectorStore$1.setValues(PgVectorStore.java:238)
	at org.springframework.jdbc.core.JdbcTemplate.lambda$getPreparedStatementCallback$6(JdbcTemplate.java:1603)
	at org.springframework.jdbc.core.JdbcTemplate.execute(JdbcTemplate.java:658)
	at org.springframework.jdbc.core.JdbcTemplate.execute(JdbcTemplate.java:701)
	at org.springframework.jdbc.core.JdbcTemplate.batchUpdate(JdbcTemplate.java:1047)
	at org.springframework.ai.vectorstore.PgVectorStore.add(PgVectorStore.java:228)
	at org.springframework.ai.vectorstore.VectorStore.accept(VectorStore.java:43)
	at cn.bugstack.xfg.dev.tech.trigger.http.RAGController.uploadFile(RAGController.java:79)
	at java.base/jdk.internal.reflect.NativeMethodAccessorImpl.invoke0(Native Method)
	at java.base/jdk.internal.reflect.NativeMethodAccessorImpl.invoke(NativeMethodAccessorImpl.java:77)
	at java.base/jdk.internal.reflect.DelegatingMethodAccessorImpl.invoke(DelegatingMethodAccessorImpl.java:43)
	at java.base/java.lang.reflect.Method.invoke(Method.java:569)
	at org.springframework.web.method.support.InvocableHandlerMethod.doInvoke(InvocableHandlerMethod.java:259)
	at org.springframework.web.method.support.InvocableHandlerMethod.invokeForRequest(InvocableHandlerMethod.java:192)
	at org.springframework.web.servlet.mvc.method.annotation.ServletInvocableHandlerMethod.invokeAndHandle(ServletInvocableHandlerMethod.java:118)
	at org.springframework.web.servlet.mvc.method.annotation.RequestMappingHandlerAdapter.invokeHandlerMethod(RequestMappingHandlerAdapter.java:920)
	at org.springframework.web.servlet.mvc.method.annotation.RequestMappingHandlerAdapter.handleInternal(RequestMappingHandlerAdapter.java:830)
	at org.springframework.web.servlet.mvc.method.AbstractHandlerMethodAdapter.handle(AbstractHandlerMethodAdapter.java:87)
	at org.springframework.web.servlet.DispatcherServlet.doDispatch(DispatcherServlet.java:1089)
	at org.springframework.web.servlet.DispatcherServlet.doService(DispatcherServlet.java:979)
	at org.springframework.web.servlet.FrameworkServlet.processRequest(FrameworkServlet.java:1014)
	at org.springframework.web.servlet.FrameworkServlet.doPost(FrameworkServlet.java:914)
	at jakarta.servlet.http.HttpServlet.service(HttpServlet.java:590)
	at org.springframework.web.servlet.FrameworkServlet.service(FrameworkServlet.java:885)
	at jakarta.servlet.http.HttpServlet.service(HttpServlet.java:658)
	at org.apache.catalina.core.ApplicationFilterChain.internalDoFilter(ApplicationFilterChain.java:205)
	at org.apache.catalina.core.ApplicationFilterChain.doFilter(ApplicationFilterChain.java:149)
	at org.apache.tomcat.websocket.server.WsFilter.doFilter(WsFilter.java:51)
	at org.apache.catalina.core.ApplicationFilterChain.internalDoFilter(ApplicationFilterChain.java:174)
	at org.apache.catalina.core.ApplicationFilterChain.doFilter(ApplicationFilterChain.java:149)
	at org.springframework.web.filter.CorsFilter.doFilterInternal(CorsFilter.java:91)
	at org.springframework.web.filter.OncePerRequestFilter.doFilter(OncePerRequestFilter.java:116)
	at org.apache.catalina.core.ApplicationFilterChain.internalDoFilter(ApplicationFilterChain.java:174)
	at org.apache.catalina.core.ApplicationFilterChain.doFilter(ApplicationFilterChain.java:149)
	at org.springframework.web.filter.RequestContextFilter.doFilterInternal(RequestContextFilter.java:100)
	at org.springframework.web.filter.OncePerRequestFilter.doFilter(OncePerRequestFilter.java:116)
	at org.apache.catalina.core.ApplicationFilterChain.internalDoFilter(ApplicationFilterChain.java:174)
	at org.apache.catalina.core.ApplicationFilterChain.doFilter(ApplicationFilterChain.java:149)
	at org.springframework.web.filter.FormContentFilter.doFilterInternal(FormContentFilter.java:93)
	at org.springframework.web.filter.OncePerRequestFilter.doFilter(OncePerRequestFilter.java:116)
	at org.apache.catalina.core.ApplicationFilterChain.internalDoFilter(ApplicationFilterChain.java:174)
	at org.apache.catalina.core.ApplicationFilterChain.doFilter(ApplicationFilterChain.java:149)
	at org.springframework.web.filter.CharacterEncodingFilter.doFilterInternal(CharacterEncodingFilter.java:201)
	at org.springframework.web.filter.OncePerRequestFilter.doFilter(OncePerRequestFilter.java:116)
	at org.apache.catalina.core.ApplicationFilterChain.internalDoFilter(ApplicationFilterChain.java:174)
	at org.apache.catalina.core.ApplicationFilterChain.doFilter(ApplicationFilterChain.java:149)
	at org.apache.catalina.core.StandardWrapperValve.invoke(StandardWrapperValve.java:167)
	at org.apache.catalina.core.StandardContextValve.invoke(StandardContextValve.java:90)
	at org.apache.catalina.authenticator.AuthenticatorBase.invoke(AuthenticatorBase.java:482)
	at org.apache.catalina.core.StandardHostValve.invoke(StandardHostValve.java:115)
	at org.apache.catalina.valves.ErrorReportValve.invoke(ErrorReportValve.java:93)
	at org.apache.catalina.core.StandardEngineValve.invoke(StandardEngineValve.java:74)
	at org.apache.catalina.connector.CoyoteAdapter.service(CoyoteAdapter.java:344)
	at org.apache.coyote.http11.Http11Processor.service(Http11Processor.java:391)
	at org.apache.coyote.AbstractProcessorLight.process(AbstractProcessorLight.java:63)
	at org.apache.coyote.AbstractProtocol$ConnectionHandler.process(AbstractProtocol.java:896)
	at org.apache.tomcat.util.net.NioEndpoint$SocketProcessor.doRun(NioEndpoint.java:1744)
	at org.apache.tomcat.util.net.SocketProcessorBase.run(SocketProcessorBase.java:52)
	at org.apache.tomcat.util.threads.ThreadPoolExecutor.runWorker(ThreadPoolExecutor.java:1191)
	at org.apache.tomcat.util.threads.ThreadPoolExecutor$Worker.run(ThreadPoolExecutor.java:659)
	at org.apache.tomcat.util.threads.TaskThread$WrappingRunnable.run(TaskThread.java:63)
	at java.base/java.lang.Thread.run(Thread.java:840)
26-01-07.01:13:27.360 [SpringApplicationShutdownHook] INFO  HikariDataSource       - HikariCP - Shutdown initiated...
26-01-07.01:13:27.364 [SpringApplicationShutdownHook] INFO  HikariDataSource       - HikariCP - Shutdown completed.
26-01-07.01:13:29.304 [main            ] INFO  Application            - Starting Application using Java 17.0.13 with PID 90862 (/Users/pipchief/KnowledgePlanet/ai-rag-knowledge/ai-rag-knowledge/xfg-dev-tech-app/target/classes started by pipchief in /Users/pipchief/KnowledgePlanet/ai-rag-knowledge/ai-rag-knowledge)
26-01-07.01:13:29.305 [main            ] INFO  Application            - The following 1 profile is active: "dev"
26-01-07.01:13:29.637 [main            ] INFO  RepositoryConfigurationDelegate - Multiple Spring Data modules found, entering strict repository configuration mode
26-01-07.01:13:29.638 [main            ] INFO  RepositoryConfigurationDelegate - Bootstrapping Spring Data Redis repositories in DEFAULT mode.
26-01-07.01:13:29.648 [main            ] INFO  RepositoryConfigurationDelegate - Finished Spring Data repository scanning in 4 ms. Found 0 Redis repository interfaces.
26-01-07.01:13:29.894 [main            ] INFO  TomcatWebServer        - Tomcat initialized with port 8090 (http)
26-01-07.01:13:29.898 [main            ] INFO  Http11NioProtocol      - Initializing ProtocolHandler ["http-nio-8090"]
26-01-07.01:13:29.898 [main            ] INFO  StandardService        - Starting service [Tomcat]
26-01-07.01:13:29.899 [main            ] INFO  StandardEngine         - Starting Servlet engine: [Apache Tomcat/10.1.19]
26-01-07.01:13:29.927 [main            ] INFO  [/]                    - Initializing Spring embedded WebApplicationContext
26-01-07.01:13:29.927 [main            ] INFO  ServletWebServerApplicationContext - Root WebApplicationContext: initialization completed in 532 ms
26-01-07.01:13:30.135 [main            ] INFO  HikariDataSource       - HikariCP - Starting...
26-01-07.01:13:31.326 [main            ] ERROR HikariPool             - HikariCP - Exception during pool initialization.
org.postgresql.util.PSQLException: FATAL: password authentication failed for user "postgres"
	at org.postgresql.core.v3.ConnectionFactoryImpl.doAuthentication(ConnectionFactoryImpl.java:693)
	at org.postgresql.core.v3.ConnectionFactoryImpl.tryConnect(ConnectionFactoryImpl.java:203)
	at org.postgresql.core.v3.ConnectionFactoryImpl.openConnectionImpl(ConnectionFactoryImpl.java:258)
	at org.postgresql.core.ConnectionFactory.openConnection(ConnectionFactory.java:54)
	at org.postgresql.jdbc.PgConnection.<init>(PgConnection.java:263)
	at org.postgresql.Driver.makeConnection(Driver.java:443)
	at org.postgresql.Driver.connect(Driver.java:297)
	at com.zaxxer.hikari.util.DriverDataSource.getConnection(DriverDataSource.java:138)
	at com.zaxxer.hikari.pool.PoolBase.newConnection(PoolBase.java:359)
	at com.zaxxer.hikari.pool.PoolBase.newPoolEntry(PoolBase.java:201)
	at com.zaxxer.hikari.pool.HikariPool.createPoolEntry(HikariPool.java:470)
	at com.zaxxer.hikari.pool.HikariPool.checkFailFast(HikariPool.java:561)
	at com.zaxxer.hikari.pool.HikariPool.<init>(HikariPool.java:100)
	at com.zaxxer.hikari.HikariDataSource.getConnection(HikariDataSource.java:112)
	at org.springframework.jdbc.datasource.DataSourceUtils.fetchConnection(DataSourceUtils.java:160)
	at org.springframework.jdbc.datasource.DataSourceUtils.doGetConnection(DataSourceUtils.java:118)
	at org.springframework.jdbc.datasource.DataSourceUtils.getConnection(DataSourceUtils.java:81)
	at org.springframework.jdbc.core.JdbcTemplate.execute(JdbcTemplate.java:388)
	at org.springframework.jdbc.core.JdbcTemplate.execute(JdbcTemplate.java:444)
	at org.springframework.ai.vectorstore.PgVectorStore.afterPropertiesSet(PgVectorStore.java:335)
	at org.springframework.beans.factory.support.AbstractAutowireCapableBeanFactory.invokeInitMethods(AbstractAutowireCapableBeanFactory.java:1833)
	at org.springframework.beans.factory.support.AbstractAutowireCapableBeanFactory.initializeBean(AbstractAutowireCapableBeanFactory.java:1782)
	at org.springframework.beans.factory.support.AbstractAutowireCapableBeanFactory.doCreateBean(AbstractAutowireCapableBeanFactory.java:600)
	at org.springframework.beans.factory.support.AbstractAutowireCapableBeanFactory.createBean(AbstractAutowireCapableBeanFactory.java:522)
	at org.springframework.beans.factory.support.AbstractBeanFactory.lambda$doGetBean$0(AbstractBeanFactory.java:325)
	at org.springframework.beans.factory.support.DefaultSingletonBeanRegistry.getSingleton(DefaultSingletonBeanRegistry.java:234)
	at org.springframework.beans.factory.support.AbstractBeanFactory.doGetBean(AbstractBeanFactory.java:323)
	at org.springframework.beans.factory.support.AbstractBeanFactory.getBean(AbstractBeanFactory.java:204)
	at org.springframework.beans.factory.support.AbstractAutowireCapableBeanFactory.resolveBeanByName(AbstractAutowireCapableBeanFactory.java:461)
	at org.springframework.context.annotation.CommonAnnotationBeanPostProcessor.autowireResource(CommonAnnotationBeanPostProcessor.java:603)
	at org.springframework.context.annotation.CommonAnnotationBeanPostProcessor.getResource(CommonAnnotationBeanPostProcessor.java:574)
	at org.springframework.context.annotation.CommonAnnotationBeanPostProcessor$ResourceElement.getResourceToInject(CommonAnnotationBeanPostProcessor.java:736)
	at org.springframework.beans.factory.annotation.InjectionMetadata$InjectedElement.inject(InjectionMetadata.java:270)
	at org.springframework.beans.factory.annotation.InjectionMetadata.inject(InjectionMetadata.java:145)
	at org.springframework.context.annotation.CommonAnnotationBeanPostProcessor.postProcessProperties(CommonAnnotationBeanPostProcessor.java:366)
	at org.springframework.beans.factory.support.AbstractAutowireCapableBeanFactory.populateBean(AbstractAutowireCapableBeanFactory.java:1419)
	at org.springframework.beans.factory.support.AbstractAutowireCapableBeanFactory.doCreateBean(AbstractAutowireCapableBeanFactory.java:599)
	at org.springframework.beans.factory.support.AbstractAutowireCapableBeanFactory.createBean(AbstractAutowireCapableBeanFactory.java:522)
	at org.springframework.beans.factory.support.AbstractBeanFactory.lambda$doGetBean$0(AbstractBeanFactory.java:325)
	at org.springframework.beans.factory.support.DefaultSingletonBeanRegistry.getSingleton(DefaultSingletonBeanRegistry.java:234)
	at org.springframework.beans.factory.support.AbstractBeanFactory.doGetBean(AbstractBeanFactory.java:323)
	at org.springframework.beans.factory.support.AbstractBeanFactory.getBean(AbstractBeanFactory.java:199)
	at org.springframework.beans.factory.support.DefaultListableBeanFactory.preInstantiateSingletons(DefaultListableBeanFactory.java:975)
	at org.springframework.context.support.AbstractApplicationContext.finishBeanFactoryInitialization(AbstractApplicationContext.java:959)
	at org.springframework.context.support.AbstractApplicationContext.refresh(AbstractApplicationContext.java:624)
	at org.springframework.boot.web.servlet.context.ServletWebServerApplicationContext.refresh(ServletWebServerApplicationContext.java:146)
	at org.springframework.boot.SpringApplication.refresh(SpringApplication.java:754)
	at org.springframework.boot.SpringApplication.refreshContext(SpringApplication.java:456)
	at org.springframework.boot.SpringApplication.run(SpringApplication.java:334)
	at org.springframework.boot.SpringApplication.run(SpringApplication.java:1354)
	at org.springframework.boot.SpringApplication.run(SpringApplication.java:1343)
	at cn.bugstack.xfg.dev.tech.Application.main(Application.java:17)
26-01-07.01:13:31.332 [main            ] WARN  AnnotationConfigServletWebServerApplicationContext - Exception encountered during context initialization - cancelling refresh attempt: org.springframework.beans.factory.BeanCreationException: Error creating bean with name 'RAGController': Injection of resource dependencies failed
26-01-07.01:13:31.336 [main            ] INFO  StandardService        - Stopping service [Tomcat]
26-01-07.01:13:31.348 [main            ] INFO  ConditionEvaluationReportLogger - 

Error starting ApplicationContext. To display the condition evaluation report re-run your application with 'debug' enabled.
26-01-07.01:13:31.359 [main            ] ERROR SpringApplication      - Application run failed
org.springframework.beans.factory.BeanCreationException: Error creating bean with name 'RAGController': Injection of resource dependencies failed
	at org.springframework.context.annotation.CommonAnnotationBeanPostProcessor.postProcessProperties(CommonAnnotationBeanPostProcessor.java:369)
	at org.springframework.beans.factory.support.AbstractAutowireCapableBeanFactory.populateBean(AbstractAutowireCapableBeanFactory.java:1419)
	at org.springframework.beans.factory.support.AbstractAutowireCapableBeanFactory.doCreateBean(AbstractAutowireCapableBeanFactory.java:599)
	at org.springframework.beans.factory.support.AbstractAutowireCapableBeanFactory.createBean(AbstractAutowireCapableBeanFactory.java:522)
	at org.springframework.beans.factory.support.AbstractBeanFactory.lambda$doGetBean$0(AbstractBeanFactory.java:325)
	at org.springframework.beans.factory.support.DefaultSingletonBeanRegistry.getSingleton(DefaultSingletonBeanRegistry.java:234)
	at org.springframework.beans.factory.support.AbstractBeanFactory.doGetBean(AbstractBeanFactory.java:323)
	at org.springframework.beans.factory.support.AbstractBeanFactory.getBean(AbstractBeanFactory.java:199)
	at org.springframework.beans.factory.support.DefaultListableBeanFactory.preInstantiateSingletons(DefaultListableBeanFactory.java:975)
	at org.springframework.context.support.AbstractApplicationContext.finishBeanFactoryInitialization(AbstractApplicationContext.java:959)
	at org.springframework.context.support.AbstractApplicationContext.refresh(AbstractApplicationContext.java:624)
	at org.springframework.boot.web.servlet.context.ServletWebServerApplicationContext.refresh(ServletWebServerApplicationContext.java:146)
	at org.springframework.boot.SpringApplication.refresh(SpringApplication.java:754)
	at org.springframework.boot.SpringApplication.refreshContext(SpringApplication.java:456)
	at org.springframework.boot.SpringApplication.run(SpringApplication.java:334)
	at org.springframework.boot.SpringApplication.run(SpringApplication.java:1354)
	at org.springframework.boot.SpringApplication.run(SpringApplication.java:1343)
	at cn.bugstack.xfg.dev.tech.Application.main(Application.java:17)
Caused by: org.springframework.beans.factory.BeanCreationException: Error creating bean with name 'pgVectorStore' defined in class path resource [cn/bugstack/xfg/dev/tech/config/OllamaConfig.class]: Failed to obtain JDBC Connection
	at org.springframework.beans.factory.support.AbstractAutowireCapableBeanFactory.initializeBean(AbstractAutowireCapableBeanFactory.java:1786)
	at org.springframework.beans.factory.support.AbstractAutowireCapableBeanFactory.doCreateBean(AbstractAutowireCapableBeanFactory.java:600)
	at org.springframework.beans.factory.support.AbstractAutowireCapableBeanFactory.createBean(AbstractAutowireCapableBeanFactory.java:522)
	at org.springframework.beans.factory.support.AbstractBeanFactory.lambda$doGetBean$0(AbstractBeanFactory.java:325)
	at org.springframework.beans.factory.support.DefaultSingletonBeanRegistry.getSingleton(DefaultSingletonBeanRegistry.java:234)
	at org.springframework.beans.factory.support.AbstractBeanFactory.doGetBean(AbstractBeanFactory.java:323)
	at org.springframework.beans.factory.support.AbstractBeanFactory.getBean(AbstractBeanFactory.java:204)
	at org.springframework.beans.factory.support.AbstractAutowireCapableBeanFactory.resolveBeanByName(AbstractAutowireCapableBeanFactory.java:461)
	at org.springframework.context.annotation.CommonAnnotationBeanPostProcessor.autowireResource(CommonAnnotationBeanPostProcessor.java:603)
	at org.springframework.context.annotation.CommonAnnotationBeanPostProcessor.getResource(CommonAnnotationBeanPostProcessor.java:574)
	at org.springframework.context.annotation.CommonAnnotationBeanPostProcessor$ResourceElement.getResourceToInject(CommonAnnotationBeanPostProcessor.java:736)
	at org.springframework.beans.factory.annotation.InjectionMetadata$InjectedElement.inject(InjectionMetadata.java:270)
	at org.springframework.beans.factory.annotation.InjectionMetadata.inject(InjectionMetadata.java:145)
	at org.springframework.context.annotation.CommonAnnotationBeanPostProcessor.postProcessProperties(CommonAnnotationBeanPostProcessor.java:366)
	... 17 common frames omitted
Caused by: org.springframework.jdbc.CannotGetJdbcConnectionException: Failed to obtain JDBC Connection
	at org.springframework.jdbc.datasource.DataSourceUtils.getConnection(DataSourceUtils.java:84)
	at org.springframework.jdbc.core.JdbcTemplate.execute(JdbcTemplate.java:388)
	at org.springframework.jdbc.core.JdbcTemplate.execute(JdbcTemplate.java:444)
	at org.springframework.ai.vectorstore.PgVectorStore.afterPropertiesSet(PgVectorStore.java:335)
	at org.springframework.beans.factory.support.AbstractAutowireCapableBeanFactory.invokeInitMethods(AbstractAutowireCapableBeanFactory.java:1833)
	at org.springframework.beans.factory.support.AbstractAutowireCapableBeanFactory.initializeBean(AbstractAutowireCapableBeanFactory.java:1782)
	... 30 common frames omitted
Caused by: org.postgresql.util.PSQLException: FATAL: password authentication failed for user "postgres"
	at org.postgresql.core.v3.ConnectionFactoryImpl.doAuthentication(ConnectionFactoryImpl.java:693)
	at org.postgresql.core.v3.ConnectionFactoryImpl.tryConnect(ConnectionFactoryImpl.java:203)
	at org.postgresql.core.v3.ConnectionFactoryImpl.openConnectionImpl(ConnectionFactoryImpl.java:258)
	at org.postgresql.core.ConnectionFactory.openConnection(ConnectionFactory.java:54)
	at org.postgresql.jdbc.PgConnection.<init>(PgConnection.java:263)
	at org.postgresql.Driver.makeConnection(Driver.java:443)
	at org.postgresql.Driver.connect(Driver.java:297)
	at com.zaxxer.hikari.util.DriverDataSource.getConnection(DriverDataSource.java:138)
	at com.zaxxer.hikari.pool.PoolBase.newConnection(PoolBase.java:359)
	at com.zaxxer.hikari.pool.PoolBase.newPoolEntry(PoolBase.java:201)
	at com.zaxxer.hikari.pool.HikariPool.createPoolEntry(HikariPool.java:470)
	at com.zaxxer.hikari.pool.HikariPool.checkFailFast(HikariPool.java:561)
	at com.zaxxer.hikari.pool.HikariPool.<init>(HikariPool.java:100)
	at com.zaxxer.hikari.HikariDataSource.getConnection(HikariDataSource.java:112)
	at org.springframework.jdbc.datasource.DataSourceUtils.fetchConnection(DataSourceUtils.java:160)
	at org.springframework.jdbc.datasource.DataSourceUtils.doGetConnection(DataSourceUtils.java:118)
	at org.springframework.jdbc.datasource.DataSourceUtils.getConnection(DataSourceUtils.java:81)
	... 35 common frames omitted
26-01-07.01:14:01.630 [main            ] INFO  Application            - Starting Application using Java 17.0.13 with PID 90884 (/Users/pipchief/KnowledgePlanet/ai-rag-knowledge/ai-rag-knowledge/xfg-dev-tech-app/target/classes started by pipchief in /Users/pipchief/KnowledgePlanet/ai-rag-knowledge/ai-rag-knowledge)
26-01-07.01:14:01.631 [main            ] INFO  Application            - The following 1 profile is active: "dev"
26-01-07.01:14:01.966 [main            ] INFO  RepositoryConfigurationDelegate - Multiple Spring Data modules found, entering strict repository configuration mode
26-01-07.01:14:01.967 [main            ] INFO  RepositoryConfigurationDelegate - Bootstrapping Spring Data Redis repositories in DEFAULT mode.
26-01-07.01:14:01.977 [main            ] INFO  RepositoryConfigurationDelegate - Finished Spring Data repository scanning in 4 ms. Found 0 Redis repository interfaces.
26-01-07.01:14:02.215 [main            ] INFO  TomcatWebServer        - Tomcat initialized with port 8090 (http)
26-01-07.01:14:02.219 [main            ] INFO  Http11NioProtocol      - Initializing ProtocolHandler ["http-nio-8090"]
26-01-07.01:14:02.219 [main            ] INFO  StandardService        - Starting service [Tomcat]
26-01-07.01:14:02.219 [main            ] INFO  StandardEngine         - Starting Servlet engine: [Apache Tomcat/10.1.19]
26-01-07.01:14:02.247 [main            ] INFO  [/]                    - Initializing Spring embedded WebApplicationContext
26-01-07.01:14:02.247 [main            ] INFO  ServletWebServerApplicationContext - Root WebApplicationContext: initialization completed in 526 ms
26-01-07.01:14:02.434 [main            ] INFO  HikariDataSource       - HikariCP - Starting...
26-01-07.01:14:02.766 [main            ] INFO  HikariPool             - HikariCP - Added connection org.postgresql.jdbc.PgConnection@7e7a743f
26-01-07.01:14:02.767 [main            ] INFO  HikariDataSource       - HikariCP - Start completed.
26-01-07.01:14:06.255 [main            ] INFO  Version                - Redisson 3.44.0
26-01-07.01:14:06.269 [main            ] WARN  DnsServerAddressStreamProviders - Can not find io.netty.resolver.dns.macos.MacOSDnsServerAddressStreamProvider in the classpath, fallback to system defaults. This may result in incorrect DNS resolutions on MacOS. Check whether you have a dependency on 'io.netty:netty-resolver-dns-native-macos'
26-01-07.01:14:06.393 [redisson-netty-1-6] INFO  ConnectionsHolder      - 1 connections initialized for 111.228.7.181/111.228.7.181:16379
26-01-07.01:14:06.658 [redisson-netty-1-13] INFO  ConnectionsHolder      - 5 connections initialized for 111.228.7.181/111.228.7.181:16379
26-01-07.01:14:06.901 [main            ] INFO  Http11NioProtocol      - Starting ProtocolHandler ["http-nio-8090"]
26-01-07.01:14:06.904 [main            ] INFO  TomcatWebServer        - Tomcat started on port 8090 (http) with context path ''
26-01-07.01:14:06.910 [main            ] INFO  Application            - Started Application in 5.475 seconds (process running for 5.759)
26-01-07.01:14:30.312 [http-nio-8090-exec-1] INFO  [/]                    - Initializing Spring DispatcherServlet 'dispatcherServlet'
26-01-07.01:14:30.312 [http-nio-8090-exec-1] INFO  DispatcherServlet      - Initializing Servlet 'dispatcherServlet'
26-01-07.01:14:30.313 [http-nio-8090-exec-1] INFO  DispatcherServlet      - Completed initialization in 1 ms
26-01-07.01:16:36.726 [SpringApplicationShutdownHook] INFO  HikariDataSource       - HikariCP - Shutdown initiated...
26-01-07.01:16:36.728 [SpringApplicationShutdownHook] INFO  HikariDataSource       - HikariCP - Shutdown completed.
26-01-07.01:16:38.369 [main            ] INFO  Application            - Starting Application using Java 17.0.13 with PID 91082 (/Users/pipchief/KnowledgePlanet/ai-rag-knowledge/ai-rag-knowledge/xfg-dev-tech-app/target/classes started by pipchief in /Users/pipchief/KnowledgePlanet/ai-rag-knowledge/ai-rag-knowledge)
26-01-07.01:16:38.370 [main            ] INFO  Application            - The following 1 profile is active: "dev"
26-01-07.01:16:38.691 [main            ] INFO  RepositoryConfigurationDelegate - Multiple Spring Data modules found, entering strict repository configuration mode
26-01-07.01:16:38.692 [main            ] INFO  RepositoryConfigurationDelegate - Bootstrapping Spring Data Redis repositories in DEFAULT mode.
26-01-07.01:16:38.702 [main            ] INFO  RepositoryConfigurationDelegate - Finished Spring Data repository scanning in 4 ms. Found 0 Redis repository interfaces.
26-01-07.01:16:38.939 [main            ] INFO  TomcatWebServer        - Tomcat initialized with port 8090 (http)
26-01-07.01:16:38.942 [main            ] INFO  Http11NioProtocol      - Initializing ProtocolHandler ["http-nio-8090"]
26-01-07.01:16:38.943 [main            ] INFO  StandardService        - Starting service [Tomcat]
26-01-07.01:16:38.943 [main            ] INFO  StandardEngine         - Starting Servlet engine: [Apache Tomcat/10.1.19]
26-01-07.01:16:38.969 [main            ] INFO  [/]                    - Initializing Spring embedded WebApplicationContext
26-01-07.01:16:38.969 [main            ] INFO  ServletWebServerApplicationContext - Root WebApplicationContext: initialization completed in 511 ms
26-01-07.01:16:39.155 [main            ] INFO  HikariDataSource       - HikariCP - Starting...
26-01-07.01:16:39.518 [main            ] INFO  HikariPool             - HikariCP - Added connection org.postgresql.jdbc.PgConnection@1b022805
26-01-07.01:16:39.521 [main            ] INFO  HikariDataSource       - HikariCP - Start completed.
26-01-07.01:16:40.039 [main            ] INFO  Version                - Redisson 3.44.0
26-01-07.01:16:40.052 [main            ] WARN  DnsServerAddressStreamProviders - Can not find io.netty.resolver.dns.macos.MacOSDnsServerAddressStreamProvider in the classpath, fallback to system defaults. This may result in incorrect DNS resolutions on MacOS. Check whether you have a dependency on 'io.netty:netty-resolver-dns-native-macos'
26-01-07.01:16:40.173 [redisson-netty-1-6] INFO  ConnectionsHolder      - 1 connections initialized for 111.228.7.181/111.228.7.181:16379
26-01-07.01:16:40.428 [redisson-netty-1-13] INFO  ConnectionsHolder      - 5 connections initialized for 111.228.7.181/111.228.7.181:16379
26-01-07.01:16:40.679 [main            ] INFO  Http11NioProtocol      - Starting ProtocolHandler ["http-nio-8090"]
26-01-07.01:16:40.682 [main            ] INFO  TomcatWebServer        - Tomcat started on port 8090 (http) with context path ''
26-01-07.01:16:40.686 [main            ] INFO  Application            - Started Application in 2.513 seconds (process running for 2.714)
26-01-07.01:16:54.656 [http-nio-8090-exec-1] INFO  [/]                    - Initializing Spring DispatcherServlet 'dispatcherServlet'
26-01-07.01:16:54.656 [http-nio-8090-exec-1] INFO  DispatcherServlet      - Initializing Servlet 'dispatcherServlet'
26-01-07.01:16:54.656 [http-nio-8090-exec-1] INFO  DispatcherServlet      - Completed initialization in 0 ms
26-01-07.01:16:54.681 [http-nio-8090-exec-1] INFO  RAGController          - 上传知识库开始file
26-01-07.01:16:55.530 [http-nio-8090-exec-1] INFO  RAGController          - 上传知识库完成file
